track_name,track_url,album_name,album_url,artist_name,artist_url,date_added,duration_ms,date_first_scraped,description,playlist_name
7 Days,https://open.spotify.com/track/5ifU583yr1ywEo9y9fDQGB,Nico Santos,https://open.spotify.com/album/51LrCn7WwuMfGwQufI1Esl,Nico Santos,https://open.spotify.com/artist/3A9B6c1CrSPauiOblw7pWz,2024-01-29,187386,2024-01-30,"The essentials from songwriter <a href=""https://artists.spotify.com/songwriter/0TXhxoo7C4jisEGDp8fiUS"">Kalli</a>, all in one playlist. <a href=""spotify:genre:0JQ5DAqbMKFSCjnQr8QZ3O"">Discover more songwriters on Spotify</a>.",Written By Kalli
A$AP & Rihanna,https://open.spotify.com/track/0GihNtHYSZwkqB48jbkyC7,A$AP & Rihanna,https://open.spotify.com/album/3o5lHTIpsmGE5GdRboWMRs,CÉLINE,https://open.spotify.com/artist/5ZYOlPpI9FZu2uIPkTB0UA,2024-01-29,112212,2024-01-30,"The essentials from songwriter <a href=""https://artists.spotify.com/songwriter/0TXhxoo7C4jisEGDp8fiUS"">Kalli</a>, all in one playlist. <a href=""spotify:genre:0JQ5DAqbMKFSCjnQr8QZ3O"">Discover more songwriters on Spotify</a>.",Written By Kalli
Abreißen,https://open.spotify.com/track/2Vk9WfzfzbzXRkAu7Gixwq,Neu erzählen,https://open.spotify.com/album/0hQxTlc00nOIwjL52YXnQy,Revolverheld,https://open.spotify.com/artist/5FYfIAuN8mV5KgVtugwfc0,2024-01-29,172360,2024-01-30,"The essentials from songwriter <a href=""https://artists.spotify.com/songwriter/0TXhxoo7C4jisEGDp8fiUS"">Kalli</a>, all in one playlist. <a href=""spotify:genre:0JQ5DAqbMKFSCjnQr8QZ3O"">Discover more songwriters on Spotify</a>.",Written By Kalli
Ain't Got You,https://open.spotify.com/track/398zDB2sTOxcEb5pLsHRyk,SADBOI,https://open.spotify.com/album/5Vtc4bUSEbiYTUOoeIDPga,Bars and Melody,https://open.spotify.com/artist/6Tm0hIf7nSjDziOzpGFzKl,2024-01-29,181840,2024-01-30,"The essentials from songwriter <a href=""https://artists.spotify.com/songwriter/0TXhxoo7C4jisEGDp8fiUS"">Kalli</a>, all in one playlist. <a href=""spotify:genre:0JQ5DAqbMKFSCjnQr8QZ3O"">Discover more songwriters on Spotify</a>.",Written By Kalli
Alle guten Dinge,https://open.spotify.com/track/3SgP2O7hlKFmf44IJwlAUp,Alle guten Dinge,https://open.spotify.com/album/7bcyUmBwgTk8ztvSv5oXnK,Jonas Monar,https://open.spotify.com/artist/15DtxS7TcOYPplKUl5re5C,2024-01-29,158706,2024-01-30,"The essentials from songwriter <a href=""https://artists.spotify.com/songwriter/0TXhxoo7C4jisEGDp8fiUS"">Kalli</a>, all in one playlist. <a href=""spotify:genre:0JQ5DAqbMKFSCjnQr8QZ3O"">Discover more songwriters on Spotify</a>.",Written By Kalli
Alone,https://open.spotify.com/track/0xda5IoHwLOv7BnHLBCrL7,Would I Lie To You,https://open.spotify.com/album/0P6xcRS8cRFlUDcXtt75Yi,Nico Santos,https://open.spotify.com/artist/3A9B6c1CrSPauiOblw7pWz,2024-01-29,190422,2024-01-30,"The essentials from songwriter <a href=""https://artists.spotify.com/songwriter/0TXhxoo7C4jisEGDp8fiUS"">Kalli</a>, all in one playlist. <a href=""spotify:genre:0JQ5DAqbMKFSCjnQr8QZ3O"">Discover more songwriters on Spotify</a>.",Written By Kalli
An Wunder,https://open.spotify.com/track/1I2ziAYoM5rEh5uWBp76Tx,Irgendwie anders,https://open.spotify.com/album/5tNgkRtA8Bx1cAYLLmxomw,Wincent Weiss,https://open.spotify.com/artist/12xme1fwd3iGEW7rF9b6tp,2024-01-29,200373,2024-01-30,"The essentials from songwriter <a href=""https://artists.spotify.com/songwriter/0TXhxoo7C4jisEGDp8fiUS"">Kalli</a>, all in one playlist. <a href=""spotify:genre:0JQ5DAqbMKFSCjnQr8QZ3O"">Discover more songwriters on Spotify</a>.",Written By Kalli
Angel,https://open.spotify.com/track/1kLh8lHp64B0rnZicB6fcx,Justice,https://open.spotify.com/album/1ryFzCTmkh8M2aKpI9Jnkn,Lukas Rieger,https://open.spotify.com/artist/0QPfdFGUGhEOrYAzdUw1Xx,2025-01-09,169066,2024-01-30,"The essentials from songwriter <a href=""https://artists.spotify.com/songwriter/0TXhxoo7C4jisEGDp8fiUS"">Kalli</a>, all in one playlist. <a href=""spotify:genre:0JQ5DAqbMKFSCjnQr8QZ3O"">Discover more songwriters on Spotify</a>.",Written By Kalli
arschloch,https://open.spotify.com/track/0DNAisWcJwei0pu3t8TyMM,verlierer,https://open.spotify.com/album/0q8XIgIhKo2O2oukgDsy2s,LUNA,https://open.spotify.com/artist/2RrkjxcwXz281MxRs8Oqp7,2024-01-30,187583,2024-01-30,"The essentials from songwriter <a href=""https://artists.spotify.com/songwriter/0TXhxoo7C4jisEGDp8fiUS"">Kalli</a>, all in one playlist. <a href=""spotify:genre:0JQ5DAqbMKFSCjnQr8QZ3O"">Discover more songwriters on Spotify</a>.",Written By Kalli
arschloch,https://open.spotify.com/track/6DhuhDzwe6Xk0YK2oEohWf,arschloch (Official Video),https://open.spotify.com/album/6JDusFxoytR9E7WxnQMWSH,LUNA,https://open.spotify.com/artist/2RrkjxcwXz281MxRs8Oqp7,2024-01-29,188010,2024-01-30,"The essentials from songwriter <a href=""https://artists.spotify.com/songwriter/0TXhxoo7C4jisEGDp8fiUS"">Kalli</a>, all in one playlist. <a href=""spotify:genre:0JQ5DAqbMKFSCjnQr8QZ3O"">Discover more songwriters on Spotify</a>.",Written By Kalli
As Fun,https://open.spotify.com/track/25cADOzWoLzo5E0R0FVF0W,Bits Of Naaz,https://open.spotify.com/album/34akCS9THWFnbRSQQ8c2Xi,Naaz,https://open.spotify.com/artist/736HGQRGr9rjG4VmmSpkz8,2024-01-29,146229,2024-01-30,"The essentials from songwriter <a href=""https://artists.spotify.com/songwriter/0TXhxoo7C4jisEGDp8fiUS"">Kalli</a>, all in one playlist. <a href=""spotify:genre:0JQ5DAqbMKFSCjnQr8QZ3O"">Discover more songwriters on Spotify</a>.",Written By Kalli
Auf halbem Weg,https://open.spotify.com/track/61lfeRJrq2bOyok9CBeQrA,Irgendwie anders,https://open.spotify.com/album/5tNgkRtA8Bx1cAYLLmxomw,Wincent Weiss,https://open.spotify.com/artist/12xme1fwd3iGEW7rF9b6tp,2024-01-29,179000,2024-01-30,"The essentials from songwriter <a href=""https://artists.spotify.com/songwriter/0TXhxoo7C4jisEGDp8fiUS"">Kalli</a>, all in one playlist. <a href=""spotify:genre:0JQ5DAqbMKFSCjnQr8QZ3O"">Discover more songwriters on Spotify</a>.",Written By Kalli
Back 2 Good,https://open.spotify.com/track/3y0t7V46qv0n5YSbWSmi02,Hearing Colour,https://open.spotify.com/album/4JRa8rklT1kE6cN1toiirY,SVRCINA,https://open.spotify.com/artist/3wRt3iJpZDOg73CTUkfv5C,2024-01-29,186776,2024-01-30,"The essentials from songwriter <a href=""https://artists.spotify.com/songwriter/0TXhxoo7C4jisEGDp8fiUS"">Kalli</a>, all in one playlist. <a href=""spotify:genre:0JQ5DAqbMKFSCjnQr8QZ3O"">Discover more songwriters on Spotify</a>.",Written By Kalli
Bad Karma,https://open.spotify.com/track/3RVirB4bHhZtl1QTAVWHSo,Bad Karma,https://open.spotify.com/album/7c6BhXUAOuIfbqGEwnJakE,RIVRS,https://open.spotify.com/artist/34aOTkYOSP2yYdAanKdhbu,2024-01-29,205089,2024-01-30,"The essentials from songwriter <a href=""https://artists.spotify.com/songwriter/0TXhxoo7C4jisEGDp8fiUS"">Kalli</a>, all in one playlist. <a href=""spotify:genre:0JQ5DAqbMKFSCjnQr8QZ3O"">Discover more songwriters on Spotify</a>.",Written By Kalli
Beifahrersitz,https://open.spotify.com/track/4FyJCiEXLmRaxDjouG3sQp,Treppenhaus (Deluxe),https://open.spotify.com/album/0qpYcNFVzQGpatpsF0eGIg,"LEA, MAJAN","https://open.spotify.com/artist/5Yo5iU2nf4H41waPl4ZnS1, https://open.spotify.com/artist/60pVmLS5zlt31OWk340O3U",2024-01-29,200013,2024-01-30,"The essentials from songwriter <a href=""https://artists.spotify.com/songwriter/0TXhxoo7C4jisEGDp8fiUS"">Kalli</a>, all in one playlist. <a href=""spotify:genre:0JQ5DAqbMKFSCjnQr8QZ3O"">Discover more songwriters on Spotify</a>.",Written By Kalli
Berlin City Girl,https://open.spotify.com/track/10dUqeFkUa9VXyHhTiT0F0,Berlin City Girl,https://open.spotify.com/album/3Y4BbkvQuyM5hqb5eFN64v,anaïs,https://open.spotify.com/artist/5uT4SmzhWTYv1iia2BFnVQ,2024-01-29,131360,2024-01-30,"The essentials from songwriter <a href=""https://artists.spotify.com/songwriter/0TXhxoo7C4jisEGDp8fiUS"">Kalli</a>, all in one playlist. <a href=""spotify:genre:0JQ5DAqbMKFSCjnQr8QZ3O"">Discover more songwriters on Spotify</a>.",Written By Kalli
Berlin City Girl,https://open.spotify.com/track/214zEjNd21eUMoXxr3VqWj,Wasting My Nights,https://open.spotify.com/album/1X9H1qiFnjyIK5OuFv0FJF,anaïs,https://open.spotify.com/artist/5uT4SmzhWTYv1iia2BFnVQ,2024-02-04,131360,2024-01-30,"The essentials from songwriter <a href=""https://artists.spotify.com/songwriter/0TXhxoo7C4jisEGDp8fiUS"">Kalli</a>, all in one playlist. <a href=""spotify:genre:0JQ5DAqbMKFSCjnQr8QZ3O"">Discover more songwriters on Spotify</a>.",Written By Kalli
Best of Us,https://open.spotify.com/track/5DhcEJWVdkPNkJUVnbiUKo,Best of Us,https://open.spotify.com/album/5The4yrlGj0HOZJbiLixt4,"WIER, Alexa Feser, Annett Louisan, Bibi Bourelly, Christina Stürmer, Conor Byrne, Glasperlenspiel, ILIRA, Joel Brandenstein, JORIS, Justin Jesso, KAYEF, Kelvin Jones, LOTTE, Milow, Nico Santos, Philipp Dittberner, Sasha, Stefanie Heinzmann","https://open.spotify.com/artist/2eGAHWide96MItPXtwxMr2, https://open.spotify.com/artist/0Yb66lSgYL9MFYw6jUHCVD, https://open.spotify.com/artist/0kcGSitPHYyZ9B7bP7wJo8, https://open.spotify.com/artist/3jDtqAKltRxJi64svLZGj7, https://open.spotify.com/artist/5GnRHCbhnGp57tp4whNvOo, https://open.spotify.com/artist/0hEeBhTVYUKs2B4PY2IdMB, https://open.spotify.com/artist/2UFKXTZgKtOTHSqMSyAcLO, https://open.spotify.com/artist/6mzs66iVW15C5iLt0JLt41, https://open.spotify.com/artist/0VUeSHZjbneQ8Ti7whkL9A, https://open.spotify.com/artist/7BKePXVmQRgnkbGcrFX1G4, https://open.spotify.com/artist/1QDrz3DMMaz3TB1cm0PGDu, https://open.spotify.com/artist/4hXT6A14n901v8DU5Of337, https://open.spotify.com/artist/2t1vHqFELDwweQWM6JYxHG, https://open.spotify.com/artist/3gqabzO7zvHVzAIT0Nxqa3, https://open.spotify.com/artist/6mo0UbyIvIePdXNyLwQlk5, https://open.spotify.com/artist/3A9B6c1CrSPauiOblw7pWz, https://open.spotify.com/artist/7oaSITFPadI3fnIxbv7hTa, https://open.spotify.com/artist/091dY4SjI2cy4YHdvhCjg1, https://open.spotify.com/artist/0bm9qSmVJmT9CEukIhhZY5",2024-01-29,197250,2024-01-30,"The essentials from songwriter <a href=""https://artists.spotify.com/songwriter/0TXhxoo7C4jisEGDp8fiUS"">Kalli</a>, all in one playlist. <a href=""spotify:genre:0JQ5DAqbMKFSCjnQr8QZ3O"">Discover more songwriters on Spotify</a>.",Written By Kalli
Better,https://open.spotify.com/track/3jCMdvc8bFOKChETbFV9Zc,"Only Love, L (More Love Edition)",https://open.spotify.com/album/0wNhZkLrI9nBQMyT9sjiBK,"Lena, Nico Santos","https://open.spotify.com/artist/5slpk6nu2IwwKx0EHe3GcL, https://open.spotify.com/artist/3A9B6c1CrSPauiOblw7pWz",2024-01-29,200653,2024-01-30,"The essentials from songwriter <a href=""https://artists.spotify.com/songwriter/0TXhxoo7C4jisEGDp8fiUS"">Kalli</a>, all in one playlist. <a href=""spotify:genre:0JQ5DAqbMKFSCjnQr8QZ3O"">Discover more songwriters on Spotify</a>.",Written By Kalli
Better Days,https://open.spotify.com/track/1xEIyhDMJA0vhJcPULuBFL,Better Days,https://open.spotify.com/album/77NRvJaa0FfDOJ8agoTJSl,"WIER, Nico Santos, Antje Schomaker, Davina Michelle, DIKKA, Egon Werler, Emily Roberts, Glasperlenspiel, Johannes Strate, KAMRAD, KIDDO, Madeline Juno, Malik Harris, Max Giesinger, Michael Schulte, Moritz Garth, Nessi, RAHEL, Ray Dalton, SDP","https://open.spotify.com/artist/2eGAHWide96MItPXtwxMr2, https://open.spotify.com/artist/3A9B6c1CrSPauiOblw7pWz, https://open.spotify.com/artist/7Kif1sqh6J226OZFwUgt8n, https://open.spotify.com/artist/6OG9fZ1LKXyL0hShRmmnq1, https://open.spotify.com/artist/79BUGg8I39oq0mSeIetvob, https://open.spotify.com/artist/4YYCHckJCIZRGFzZDuLLx8, https://open.spotify.com/artist/3RBqLTttwN1orqQozYfmJo, https://open.spotify.com/artist/2UFKXTZgKtOTHSqMSyAcLO, https://open.spotify.com/artist/4G5XZKnrbIYhCE5bRAMu4w, https://open.spotify.com/artist/6zcWVbyNT0z94MBffsTJGP, https://open.spotify.com/artist/5pXe6yFchq1oyYK3rq2A8i, https://open.spotify.com/artist/6u8KyY2rfBGDtDejRJ9JaQ, https://open.spotify.com/artist/7B6Uk58O2DVfg1xZPKEp4n, https://open.spotify.com/artist/224CDJhbm230iSo9ZomTWe, https://open.spotify.com/artist/21aa4pj9BvbFB2iT8kRpnq, https://open.spotify.com/artist/1WAFrFBTxCQljp8iidU9sn, https://open.spotify.com/artist/2kE8IGeVPqfCUkVoKyCotA, https://open.spotify.com/artist/1PiAhtDO04aDUU9VKEi1j7, https://open.spotify.com/artist/4e0nWw2r4BoQSKPQ2zpU13, https://open.spotify.com/artist/1EfwyuCzDQpCslZc8C9gkG",2024-01-29,201089,2024-01-30,"The essentials from songwriter <a href=""https://artists.spotify.com/songwriter/0TXhxoo7C4jisEGDp8fiUS"">Kalli</a>, all in one playlist. <a href=""spotify:genre:0JQ5DAqbMKFSCjnQr8QZ3O"">Discover more songwriters on Spotify</a>.",Written By Kalli
Blame It On The Mistletoe,https://open.spotify.com/track/5Ca8fgOIaUW9Hl11AGc2v3,Not So Silent Night,https://open.spotify.com/album/6t4rpCpCZ5oKvSUADZUGHC,Sarah Connor,https://open.spotify.com/artist/7e52Ytzjj1q71DUj2cSlch,2024-01-29,148613,2024-01-30,"The essentials from songwriter <a href=""https://artists.spotify.com/songwriter/0TXhxoo7C4jisEGDp8fiUS"">Kalli</a>, all in one playlist. <a href=""spotify:genre:0JQ5DAqbMKFSCjnQr8QZ3O"">Discover more songwriters on Spotify</a>.",Written By Kalli
Blaugraue Federn,https://open.spotify.com/track/6cF5IIacOTD2mDQPjF3ROz,Trümmerkönig,https://open.spotify.com/album/7g7FlU71zkw5T6MWQyh92g,Liquit Walker,https://open.spotify.com/artist/0YNzU2wAec5bWsn3eQgB7q,2025-01-09,193346,2024-01-30,"The essentials from songwriter <a href=""https://artists.spotify.com/songwriter/0TXhxoo7C4jisEGDp8fiUS"">Kalli</a>, all in one playlist. <a href=""spotify:genre:0JQ5DAqbMKFSCjnQr8QZ3O"">Discover more songwriters on Spotify</a>.",Written By Kalli
Blood,https://open.spotify.com/track/57d8fvXrm9vzlYQaWwLwYl,Ride,https://open.spotify.com/album/7dPtQ96HtsmPSq8oWsmkJv,Nico Santos,https://open.spotify.com/artist/3A9B6c1CrSPauiOblw7pWz,2024-01-29,155320,2024-01-30,"The essentials from songwriter <a href=""https://artists.spotify.com/songwriter/0TXhxoo7C4jisEGDp8fiUS"">Kalli</a>, all in one playlist. <a href=""spotify:genre:0JQ5DAqbMKFSCjnQr8QZ3O"">Discover more songwriters on Spotify</a>.",Written By Kalli
Bonfire (feat. ALMA),https://open.spotify.com/track/4lGaOYqLKr5Z7bA1H92FBv,I,https://open.spotify.com/album/2S56F6bIk01HboGbJJJ1IQ,"Felix Jaehn, ALMA","https://open.spotify.com/artist/4bL2B6hmLlMWnUEZnorEtG, https://open.spotify.com/artist/6c0mTNAxJxlp9HpKTUZwA8",2024-01-29,183000,2024-01-30,"The essentials from songwriter <a href=""https://artists.spotify.com/songwriter/0TXhxoo7C4jisEGDp8fiUS"">Kalli</a>, all in one playlist. <a href=""spotify:genre:0JQ5DAqbMKFSCjnQr8QZ3O"">Discover more songwriters on Spotify</a>.",Written By Kalli
Busy Bye Bye,https://open.spotify.com/track/4XazYOC2opyukOj6u3YjCq,Busy Bye Bye,https://open.spotify.com/album/2D1b20NVjUQjUmbPxj2G1e,El Profesor,https://open.spotify.com/artist/2gTcdmBwgyh3EORKIXCzlw,2024-01-29,148801,2024-01-30,"The essentials from songwriter <a href=""https://artists.spotify.com/songwriter/0TXhxoo7C4jisEGDp8fiUS"">Kalli</a>, all in one playlist. <a href=""spotify:genre:0JQ5DAqbMKFSCjnQr8QZ3O"">Discover more songwriters on Spotify</a>.",Written By Kalli
Can't Stop Now,https://open.spotify.com/track/3mA95S5jE0L2SYH7UR9deJ,Super Sunset,https://open.spotify.com/album/46tqZIHK7vudgW0NCYW4y9,Allie X,https://open.spotify.com/artist/0wnYgCeP013HkKoOyC5V32,2024-01-29,183325,2024-01-30,"The essentials from songwriter <a href=""https://artists.spotify.com/songwriter/0TXhxoo7C4jisEGDp8fiUS"">Kalli</a>, all in one playlist. <a href=""spotify:genre:0JQ5DAqbMKFSCjnQr8QZ3O"">Discover more songwriters on Spotify</a>.",Written By Kalli
Changed,https://open.spotify.com/track/3vQ1PkxYEooDh4IS6MnfKi,Nico Santos,https://open.spotify.com/album/51LrCn7WwuMfGwQufI1Esl,Nico Santos,https://open.spotify.com/artist/3A9B6c1CrSPauiOblw7pWz,2024-01-29,222613,2024-01-30,"The essentials from songwriter <a href=""https://artists.spotify.com/songwriter/0TXhxoo7C4jisEGDp8fiUS"">Kalli</a>, all in one playlist. <a href=""spotify:genre:0JQ5DAqbMKFSCjnQr8QZ3O"">Discover more songwriters on Spotify</a>.",Written By Kalli
Changes,https://open.spotify.com/track/0koqWgFPqooMDME3pP07X1,Changes,https://open.spotify.com/album/6nqE3TBxP0i7BV7y5lfvpk,Ilse DeLange,https://open.spotify.com/artist/3FTKP1k9VbOng3m1rgnsqx,2024-01-29,185440,2024-01-30,"The essentials from songwriter <a href=""https://artists.spotify.com/songwriter/0TXhxoo7C4jisEGDp8fiUS"">Kalli</a>, all in one playlist. <a href=""spotify:genre:0JQ5DAqbMKFSCjnQr8QZ3O"">Discover more songwriters on Spotify</a>.",Written By Kalli
Chasing Highs,https://open.spotify.com/track/3TVpk6F6UTLG6uhAxbdUWm,Chasing Highs (Sped Up Version),https://open.spotify.com/album/1h1EQkgVenPa8PTWr4E2Vr,ALMA,https://open.spotify.com/artist/6c0mTNAxJxlp9HpKTUZwA8,2024-01-29,195678,2024-01-30,"The essentials from songwriter <a href=""https://artists.spotify.com/songwriter/0TXhxoo7C4jisEGDp8fiUS"">Kalli</a>, all in one playlist. <a href=""spotify:genre:0JQ5DAqbMKFSCjnQr8QZ3O"">Discover more songwriters on Spotify</a>.",Written By Kalli
Chasing Highs (Slow Motion),https://open.spotify.com/track/6XxH22AeVCpz1vhwOYi5Sh,Chasing Highs (Slow Motion),https://open.spotify.com/album/4Uw2ZLhaRbwkeTVr0hCMpc,James Hiraeth,https://open.spotify.com/artist/13lPKi6IQrIyWyyovYUbtA,2024-01-29,146632,2024-01-30,"The essentials from songwriter <a href=""https://artists.spotify.com/songwriter/0TXhxoo7C4jisEGDp8fiUS"">Kalli</a>, all in one playlist. <a href=""spotify:genre:0JQ5DAqbMKFSCjnQr8QZ3O"">Discover more songwriters on Spotify</a>.",Written By Kalli
Ciao Bella,https://open.spotify.com/track/7GB7TgXcdE1hsm67udwrX9,Rahat,https://open.spotify.com/album/3mM3HpK7WiItHlCk9uRnII,Ardian Bujupi,https://open.spotify.com/artist/0pOruKWwgyqSLZhn4Xovs9,2024-01-29,188005,2024-01-30,"The essentials from songwriter <a href=""https://artists.spotify.com/songwriter/0TXhxoo7C4jisEGDp8fiUS"">Kalli</a>, all in one playlist. <a href=""spotify:genre:0JQ5DAqbMKFSCjnQr8QZ3O"">Discover more songwriters on Spotify</a>.",Written By Kalli
Ciao Bella - Instrumental,https://open.spotify.com/track/1eXLlliAXuNAbZ3JwzR6cv,Rahat,https://open.spotify.com/album/3mM3HpK7WiItHlCk9uRnII,Ardian Bujupi,https://open.spotify.com/artist/0pOruKWwgyqSLZhn4Xovs9,2024-01-29,186662,2024-01-30,"The essentials from songwriter <a href=""https://artists.spotify.com/songwriter/0TXhxoo7C4jisEGDp8fiUS"">Kalli</a>, all in one playlist. <a href=""spotify:genre:0JQ5DAqbMKFSCjnQr8QZ3O"">Discover more songwriters on Spotify</a>.",Written By Kalli
COLORS,https://open.spotify.com/track/6k0FNeHutAV9Q2v83QNj6g,Labyrinth,https://open.spotify.com/album/2p74LszcEO3DrJl7WhTmUm,Stefanie Heinzmann,https://open.spotify.com/artist/0bm9qSmVJmT9CEukIhhZY5,2024-01-29,190296,2024-01-30,"The essentials from songwriter <a href=""https://artists.spotify.com/songwriter/0TXhxoo7C4jisEGDp8fiUS"">Kalli</a>, all in one playlist. <a href=""spotify:genre:0JQ5DAqbMKFSCjnQr8QZ3O"">Discover more songwriters on Spotify</a>.",Written By Kalli
Come Back To Me,https://open.spotify.com/track/6ZYmNdZdNoOKuFt8jrzwuh,Ride,https://open.spotify.com/album/7dPtQ96HtsmPSq8oWsmkJv,Nico Santos,https://open.spotify.com/artist/3A9B6c1CrSPauiOblw7pWz,2024-01-29,186440,2024-01-30,"The essentials from songwriter <a href=""https://artists.spotify.com/songwriter/0TXhxoo7C4jisEGDp8fiUS"">Kalli</a>, all in one playlist. <a href=""spotify:genre:0JQ5DAqbMKFSCjnQr8QZ3O"">Discover more songwriters on Spotify</a>.",Written By Kalli
dear L,https://open.spotify.com/track/0jjYq6uxZLCrQzo89Ym0Ea,"Only Love, L (More Love Edition)",https://open.spotify.com/album/0wNhZkLrI9nBQMyT9sjiBK,Lena,https://open.spotify.com/artist/5slpk6nu2IwwKx0EHe3GcL,2024-01-29,199205,2024-01-30,"The essentials from songwriter <a href=""https://artists.spotify.com/songwriter/0TXhxoo7C4jisEGDp8fiUS"">Kalli</a>, all in one playlist. <a href=""spotify:genre:0JQ5DAqbMKFSCjnQr8QZ3O"">Discover more songwriters on Spotify</a>.",Written By Kalli
Dein Shirt,https://open.spotify.com/track/0JGWoliqXaxHzPdbYocc7V,Dein Shirt,https://open.spotify.com/album/12LQ0U03tUdlIJtUzdcSsE,Franzi Harmsen,https://open.spotify.com/artist/37ctEiNvHyyUL9KDjRUV0W,2024-01-29,165865,2024-01-30,"The essentials from songwriter <a href=""https://artists.spotify.com/songwriter/0TXhxoo7C4jisEGDp8fiUS"">Kalli</a>, all in one playlist. <a href=""spotify:genre:0JQ5DAqbMKFSCjnQr8QZ3O"">Discover more songwriters on Spotify</a>.",Written By Kalli
Deine Nummer,https://open.spotify.com/track/26TNQnJywu36ynLrOtkgFo,Treppenhaus,https://open.spotify.com/album/1L2yFZquYx9fjAPYWGWwZQ,LEA,https://open.spotify.com/artist/5Yo5iU2nf4H41waPl4ZnS1,2024-01-29,192826,2024-01-30,"The essentials from songwriter <a href=""https://artists.spotify.com/songwriter/0TXhxoo7C4jisEGDp8fiUS"">Kalli</a>, all in one playlist. <a href=""spotify:genre:0JQ5DAqbMKFSCjnQr8QZ3O"">Discover more songwriters on Spotify</a>.",Written By Kalli
Deine Stimme,https://open.spotify.com/track/6pd5rdH4w3JA6gBn4n215Y,Trümmerkönig,https://open.spotify.com/album/7g7FlU71zkw5T6MWQyh92g,Liquit Walker,https://open.spotify.com/artist/0YNzU2wAec5bWsn3eQgB7q,2025-01-09,163200,2024-01-30,"The essentials from songwriter <a href=""https://artists.spotify.com/songwriter/0TXhxoo7C4jisEGDp8fiUS"">Kalli</a>, all in one playlist. <a href=""spotify:genre:0JQ5DAqbMKFSCjnQr8QZ3O"">Discover more songwriters on Spotify</a>.",Written By Kalli
Delfine,https://open.spotify.com/track/0tOocgAVu0c4L8TKnhsI63,Der Sommer ist vorbei (Deluxe Edition),https://open.spotify.com/album/3x9knypYf8RHLk3baTPRxq,Juli,https://open.spotify.com/artist/7g13nmmxq4XN0hd64Jzkol,2024-04-23,189373,2024-01-30,"The essentials from songwriter <a href=""https://artists.spotify.com/songwriter/0TXhxoo7C4jisEGDp8fiUS"">Kalli</a>, all in one playlist. <a href=""spotify:genre:0JQ5DAqbMKFSCjnQr8QZ3O"">Discover more songwriters on Spotify</a>.",Written By Kalli
Der Letzte Tag,https://open.spotify.com/track/5R8IzUnU6YAB409rYK3Of5,Die Hoffnung klaut mir Niemand,https://open.spotify.com/album/1VLKFGaQoKLvxzIWQxLKZI,Kontra K,https://open.spotify.com/artist/4lDiJcOJ2GLCK6p9q5BgfK,2024-04-23,173186,2024-01-30,"The essentials from songwriter <a href=""https://artists.spotify.com/songwriter/0TXhxoo7C4jisEGDp8fiUS"">Kalli</a>, all in one playlist. <a href=""spotify:genre:0JQ5DAqbMKFSCjnQr8QZ3O"">Discover more songwriters on Spotify</a>.",Written By Kalli
Der schwerste Tag war gestern,https://open.spotify.com/track/5bvRtQ64PasCKylUsb3Qju,Es war alles am besten,https://open.spotify.com/album/3g7khKxTVVmQO0qDuJbu22,Jürgen Drews,https://open.spotify.com/artist/4rvJA6PKInIg35XkH4HESw,2024-01-29,225333,2024-01-30,"The essentials from songwriter <a href=""https://artists.spotify.com/songwriter/0TXhxoo7C4jisEGDp8fiUS"">Kalli</a>, all in one playlist. <a href=""spotify:genre:0JQ5DAqbMKFSCjnQr8QZ3O"">Discover more songwriters on Spotify</a>.",Written By Kalli
Diamanten,https://open.spotify.com/track/1xujyYqyEUc8VyCFXgqkHH,Gute Nacht,https://open.spotify.com/album/6HXofmpALQ71a6Ri5WKegT,Kontra K,https://open.spotify.com/artist/4lDiJcOJ2GLCK6p9q5BgfK,2024-01-29,207354,2024-01-30,"The essentials from songwriter <a href=""https://artists.spotify.com/songwriter/0TXhxoo7C4jisEGDp8fiUS"">Kalli</a>, all in one playlist. <a href=""spotify:genre:0JQ5DAqbMKFSCjnQr8QZ3O"">Discover more songwriters on Spotify</a>.",Written By Kalli
Do Not Disturb,https://open.spotify.com/track/4UCTlHt2pZxZ2l500bOQKn,Do Not Disturb,https://open.spotify.com/album/6pP96QZ9sIST5vC8OoijqV,Be Charlotte,https://open.spotify.com/artist/2rTZSJ6JzWaKJaHGbEkRjl,2024-01-29,167426,2024-01-30,"The essentials from songwriter <a href=""https://artists.spotify.com/songwriter/0TXhxoo7C4jisEGDp8fiUS"">Kalli</a>, all in one playlist. <a href=""spotify:genre:0JQ5DAqbMKFSCjnQr8QZ3O"">Discover more songwriters on Spotify</a>.",Written By Kalli
Don't You Know That It's Christmas,https://open.spotify.com/track/7KVsF9viAFkFbVqDO6FmfY,Not So Silent Night,https://open.spotify.com/album/6t4rpCpCZ5oKvSUADZUGHC,Sarah Connor,https://open.spotify.com/artist/7e52Ytzjj1q71DUj2cSlch,2024-01-29,150866,2024-01-30,"The essentials from songwriter <a href=""https://artists.spotify.com/songwriter/0TXhxoo7C4jisEGDp8fiUS"">Kalli</a>, all in one playlist. <a href=""spotify:genre:0JQ5DAqbMKFSCjnQr8QZ3O"">Discover more songwriters on Spotify</a>.",Written By Kalli
Dragonflies,https://open.spotify.com/track/3avJVZ3PVXX54rfCiZnLdX,Hearing Colour,https://open.spotify.com/album/4JRa8rklT1kE6cN1toiirY,SVRCINA,https://open.spotify.com/artist/3wRt3iJpZDOg73CTUkfv5C,2024-01-29,198336,2024-01-30,"The essentials from songwriter <a href=""https://artists.spotify.com/songwriter/0TXhxoo7C4jisEGDp8fiUS"">Kalli</a>, all in one playlist. <a href=""spotify:genre:0JQ5DAqbMKFSCjnQr8QZ3O"">Discover more songwriters on Spotify</a>.",Written By Kalli
Drei Uhr Nachts,https://open.spotify.com/track/4lWV6MBFNz9B9ZgNuC4bPC,Drei Uhr Nachts (Official Video),https://open.spotify.com/album/1mPqRAFIZ5fj7NlZxaPADh,"Mark Forster, LEA","https://open.spotify.com/artist/7qXzy6c5RWT0XlVQcOBIDG, https://open.spotify.com/artist/5Yo5iU2nf4H41waPl4ZnS1",2024-01-30,160170,2024-01-30,"The essentials from songwriter <a href=""https://artists.spotify.com/songwriter/0TXhxoo7C4jisEGDp8fiUS"">Kalli</a>, all in one playlist. <a href=""spotify:genre:0JQ5DAqbMKFSCjnQr8QZ3O"">Discover more songwriters on Spotify</a>.",Written By Kalli
Drei Uhr Nachts,https://open.spotify.com/track/6NMA5MsBDOqwQuVT3IbwNj,MUSKETIERE,https://open.spotify.com/album/0EbLUbzQzBFpAbyGjfDnAE,"Mark Forster, LEA","https://open.spotify.com/artist/7qXzy6c5RWT0XlVQcOBIDG, https://open.spotify.com/artist/5Yo5iU2nf4H41waPl4ZnS1",2024-01-29,160587,2024-01-30,"The essentials from songwriter <a href=""https://artists.spotify.com/songwriter/0TXhxoo7C4jisEGDp8fiUS"">Kalli</a>, all in one playlist. <a href=""spotify:genre:0JQ5DAqbMKFSCjnQr8QZ3O"">Discover more songwriters on Spotify</a>.",Written By Kalli
Drop It Down,https://open.spotify.com/track/7oHdGobTs66dcu7lA4TEWd,Drop It Down,https://open.spotify.com/album/6B8cJuwQEZFN0jmxs7X5EF,MALUGI,https://open.spotify.com/artist/50udUOTR7dQUgyPwPuCLM6,2024-02-27,132500,2024-01-30,"The essentials from songwriter <a href=""https://artists.spotify.com/songwriter/0TXhxoo7C4jisEGDp8fiUS"">Kalli</a>, all in one playlist. <a href=""spotify:genre:0JQ5DAqbMKFSCjnQr8QZ3O"">Discover more songwriters on Spotify</a>.",Written By Kalli
Drunk On You,https://open.spotify.com/track/25HWrN7rPVMy7r7JlYZvsC,Drunk On You,https://open.spotify.com/album/7oAvImtminoHsBgJFgKgCd,Zookeepers,https://open.spotify.com/artist/1frSJ3BwjRHE9jgMRQV5wC,2024-01-29,208589,2024-01-30,"The essentials from songwriter <a href=""https://artists.spotify.com/songwriter/0TXhxoo7C4jisEGDp8fiUS"">Kalli</a>, all in one playlist. <a href=""spotify:genre:0JQ5DAqbMKFSCjnQr8QZ3O"">Discover more songwriters on Spotify</a>.",Written By Kalli
Dye My Hair,https://open.spotify.com/track/6iOeQNXb0fFP3TDCzVPts8,Dye My Hair,https://open.spotify.com/album/72OGxvqzD8lVsmT0HsaEPS,ALMA,https://open.spotify.com/artist/6c0mTNAxJxlp9HpKTUZwA8,2024-01-29,207991,2024-01-30,"The essentials from songwriter <a href=""https://artists.spotify.com/songwriter/0TXhxoo7C4jisEGDp8fiUS"">Kalli</a>, all in one playlist. <a href=""spotify:genre:0JQ5DAqbMKFSCjnQr8QZ3O"">Discover more songwriters on Spotify</a>.",Written By Kalli
Easy,https://open.spotify.com/track/7zIAOOs39Z7913Off5G7FD,Nico Santos,https://open.spotify.com/album/51LrCn7WwuMfGwQufI1Esl,Nico Santos,https://open.spotify.com/artist/3A9B6c1CrSPauiOblw7pWz,2024-01-29,188720,2024-01-30,"The essentials from songwriter <a href=""https://artists.spotify.com/songwriter/0TXhxoo7C4jisEGDp8fiUS"">Kalli</a>, all in one playlist. <a href=""spotify:genre:0JQ5DAqbMKFSCjnQr8QZ3O"">Discover more songwriters on Spotify</a>.",Written By Kalli
Einfach,https://open.spotify.com/track/4AsCLebVfa8IMmrUfG3VF7,Gute Nacht,https://open.spotify.com/album/6HXofmpALQ71a6Ri5WKegT,Kontra K,https://open.spotify.com/artist/4lDiJcOJ2GLCK6p9q5BgfK,2024-01-29,204846,2024-01-30,"The essentials from songwriter <a href=""https://artists.spotify.com/songwriter/0TXhxoo7C4jisEGDp8fiUS"">Kalli</a>, all in one playlist. <a href=""spotify:genre:0JQ5DAqbMKFSCjnQr8QZ3O"">Discover more songwriters on Spotify</a>.",Written By Kalli
End Of Summer,https://open.spotify.com/track/5WwYpTV8EzS7kZroKoseeT,End Of Summer,https://open.spotify.com/album/0YljhV1EY8OEGvIUexadPW,Nico Santos,https://open.spotify.com/artist/3A9B6c1CrSPauiOblw7pWz,2024-01-29,214524,2024-01-30,"The essentials from songwriter <a href=""https://artists.spotify.com/songwriter/0TXhxoo7C4jisEGDp8fiUS"">Kalli</a>, all in one playlist. <a href=""spotify:genre:0JQ5DAqbMKFSCjnQr8QZ3O"">Discover more songwriters on Spotify</a>.",Written By Kalli
"Et voilà - Aus Sing meinen Song, Vol. 7",https://open.spotify.com/track/5KgO77fFcPz4dLvuATJaJo,Nico Santos (Special Edition),https://open.spotify.com/album/62lOkmFDHhhMcaYrolIJVF,Nico Santos,https://open.spotify.com/artist/3A9B6c1CrSPauiOblw7pWz,2024-01-29,204480,2024-01-30,"The essentials from songwriter <a href=""https://artists.spotify.com/songwriter/0TXhxoo7C4jisEGDp8fiUS"">Kalli</a>, all in one playlist. <a href=""spotify:genre:0JQ5DAqbMKFSCjnQr8QZ3O"">Discover more songwriters on Spotify</a>.",Written By Kalli
Et Voilà - Single Version,https://open.spotify.com/track/18qSU7tip6OICrRexkTWDI,Et Voilà,https://open.spotify.com/album/2UMly7hyu2Yp6nEjfexhUD,Michael Patrick Kelly,https://open.spotify.com/artist/4OGiMt96TFUKkKWf7Imlno,2024-01-29,192066,2024-01-30,"The essentials from songwriter <a href=""https://artists.spotify.com/songwriter/0TXhxoo7C4jisEGDp8fiUS"">Kalli</a>, all in one playlist. <a href=""spotify:genre:0JQ5DAqbMKFSCjnQr8QZ3O"">Discover more songwriters on Spotify</a>.",Written By Kalli
Fahrrad,https://open.spotify.com/track/2fnB0RA5PObYJW3M1djHg1,Der Sommer ist vorbei,https://open.spotify.com/album/5pKFqWVE4YFUINqUeRPypU,Juli,https://open.spotify.com/artist/7g13nmmxq4XN0hd64Jzkol,2024-01-29,185946,2024-01-30,"The essentials from songwriter <a href=""https://artists.spotify.com/songwriter/0TXhxoo7C4jisEGDp8fiUS"">Kalli</a>, all in one playlist. <a href=""spotify:genre:0JQ5DAqbMKFSCjnQr8QZ3O"">Discover more songwriters on Spotify</a>.",Written By Kalli
Falsche Helden,https://open.spotify.com/track/6y2X2xdJajRaJrrheIxqUs,Trümmerkönig,https://open.spotify.com/album/7g7FlU71zkw5T6MWQyh92g,Liquit Walker,https://open.spotify.com/artist/0YNzU2wAec5bWsn3eQgB7q,2025-01-09,225480,2024-01-30,"The essentials from songwriter <a href=""https://artists.spotify.com/songwriter/0TXhxoo7C4jisEGDp8fiUS"">Kalli</a>, all in one playlist. <a href=""spotify:genre:0JQ5DAqbMKFSCjnQr8QZ3O"">Discover more songwriters on Spotify</a>.",Written By Kalli
Finger auf die Lippen,https://open.spotify.com/track/7c9jHNrmnzs9SJjDd2zfvi,NACKT,https://open.spotify.com/album/2VCBmTgQym5OlZ9LxEs2AU,YAENNIVER,https://open.spotify.com/artist/62yGrNS5EcrAnBVlDtlBEw,2025-01-09,177427,2024-01-30,"The essentials from songwriter <a href=""https://artists.spotify.com/songwriter/0TXhxoo7C4jisEGDp8fiUS"">Kalli</a>, all in one playlist. <a href=""spotify:genre:0JQ5DAqbMKFSCjnQr8QZ3O"">Discover more songwriters on Spotify</a>.",Written By Kalli
Fliegen,https://open.spotify.com/track/1vlSFUZcOHEbotxb1BPVMx,5 EP,https://open.spotify.com/album/7tG6m07jxmMFaqBpVRDXxO,Julian Williams,https://open.spotify.com/artist/6dZcFNvJUa9yTkEF1mG3NY,2024-01-29,233467,2024-01-30,"The essentials from songwriter <a href=""https://artists.spotify.com/songwriter/0TXhxoo7C4jisEGDp8fiUS"">Kalli</a>, all in one playlist. <a href=""spotify:genre:0JQ5DAqbMKFSCjnQr8QZ3O"">Discover more songwriters on Spotify</a>.",Written By Kalli
Für den Himmel durch die Hölle,https://open.spotify.com/track/5HMW5TuegnI95wWwHF0U96,Für den Himmel durch die Hölle (Deluxe Edition),https://open.spotify.com/album/5HeOz6InVkwkXkacIGgHRa,Kontra K,https://open.spotify.com/artist/4lDiJcOJ2GLCK6p9q5BgfK,2024-01-29,180586,2024-01-30,"The essentials from songwriter <a href=""https://artists.spotify.com/songwriter/0TXhxoo7C4jisEGDp8fiUS"">Kalli</a>, all in one playlist. <a href=""spotify:genre:0JQ5DAqbMKFSCjnQr8QZ3O"">Discover more songwriters on Spotify</a>.",Written By Kalli
Geister,https://open.spotify.com/track/2tpmUQKddesrmZmHEZdI3F,Der Letzte an der Bar,https://open.spotify.com/album/492ubi4D359Nl0NsqhjDWJ,Henning Wehland,https://open.spotify.com/artist/7AgDCXy6Z60LzhvYOrDlf3,2024-01-29,208160,2024-01-30,"The essentials from songwriter <a href=""https://artists.spotify.com/songwriter/0TXhxoo7C4jisEGDp8fiUS"">Kalli</a>, all in one playlist. <a href=""spotify:genre:0JQ5DAqbMKFSCjnQr8QZ3O"">Discover more songwriters on Spotify</a>.",Written By Kalli
Getting There,https://open.spotify.com/track/1YdUjBLiapo6at7XhMn0mq,Getting There,https://open.spotify.com/album/7eKNpLH2MyOfStA0lgvfLf,"RANE, Lapsi","https://open.spotify.com/artist/4XXpC48bL6E032lJw4aSFz, https://open.spotify.com/artist/5ZcPF93TyiZ6F0M3S1cRLm",2024-01-29,156500,2024-01-30,"The essentials from songwriter <a href=""https://artists.spotify.com/songwriter/0TXhxoo7C4jisEGDp8fiUS"">Kalli</a>, all in one playlist. <a href=""spotify:genre:0JQ5DAqbMKFSCjnQr8QZ3O"">Discover more songwriters on Spotify</a>.",Written By Kalli
Gift (feat. Alicia Awa),https://open.spotify.com/track/5o06OR9PHInTrQP0bc8Inl,Vollmond,https://open.spotify.com/album/0A2Fv4wziWXjSLylfMvbI5,"Kontra K, Alicia Awa","https://open.spotify.com/artist/4lDiJcOJ2GLCK6p9q5BgfK, https://open.spotify.com/artist/7mYMOwpduul48upxZCfFBS",2024-01-29,173200,2024-01-30,"The essentials from songwriter <a href=""https://artists.spotify.com/songwriter/0TXhxoo7C4jisEGDp8fiUS"">Kalli</a>, all in one playlist. <a href=""spotify:genre:0JQ5DAqbMKFSCjnQr8QZ3O"">Discover more songwriters on Spotify</a>.",Written By Kalli
Give Me Your Love,https://open.spotify.com/track/205RswZPFn2MlNlYckzz5I,Give Me Your Love,https://open.spotify.com/album/1Z9ifQTeBQYgLadR5f1Llw,"James Carter, Dominic Neill","https://open.spotify.com/artist/5344K3N7rx7kw1HjO8psuq, https://open.spotify.com/artist/4PIv3Lyk3erxjcwBZFVNgi",2024-04-26,201653,2024-01-30,"The essentials from songwriter <a href=""https://artists.spotify.com/songwriter/0TXhxoo7C4jisEGDp8fiUS"">Kalli</a>, all in one playlist. <a href=""spotify:genre:0JQ5DAqbMKFSCjnQr8QZ3O"">Discover more songwriters on Spotify</a>.",Written By Kalli
Give Me Your Love,https://open.spotify.com/track/7mRXzK30h0UIuTdYhArwvv,Give Me Your Love,https://open.spotify.com/album/0DYk6a0d96DBvuZARXjoSg,"James Carter, Dominic Neill","https://open.spotify.com/artist/5344K3N7rx7kw1HjO8psuq, https://open.spotify.com/artist/4PIv3Lyk3erxjcwBZFVNgi",2024-01-29,201653,2024-01-30,"The essentials from songwriter <a href=""https://artists.spotify.com/songwriter/0TXhxoo7C4jisEGDp8fiUS"">Kalli</a>, all in one playlist. <a href=""spotify:genre:0JQ5DAqbMKFSCjnQr8QZ3O"">Discover more songwriters on Spotify</a>.",Written By Kalli
Going On 13,https://open.spotify.com/track/0BWsycIKi4sIi7bPeuHTgq,Restless (Deluxe),https://open.spotify.com/album/1Nr0EKbE71nEAcbXN5jqi2,Elaiza,https://open.spotify.com/artist/3p45HHDBKyxCDJeOnOWuSo,2025-01-09,195733,2024-01-30,"The essentials from songwriter <a href=""https://artists.spotify.com/songwriter/0TXhxoo7C4jisEGDp8fiUS"">Kalli</a>, all in one playlist. <a href=""spotify:genre:0JQ5DAqbMKFSCjnQr8QZ3O"">Discover more songwriters on Spotify</a>.",Written By Kalli
Gut soweit,https://open.spotify.com/track/6gS1Q6jG6BQ5aNvseKZjic,Alle guten Dinge,https://open.spotify.com/album/7bcyUmBwgTk8ztvSv5oXnK,Jonas Monar,https://open.spotify.com/artist/15DtxS7TcOYPplKUl5re5C,2024-01-29,201586,2024-01-30,"The essentials from songwriter <a href=""https://artists.spotify.com/songwriter/0TXhxoo7C4jisEGDp8fiUS"">Kalli</a>, all in one playlist. <a href=""spotify:genre:0JQ5DAqbMKFSCjnQr8QZ3O"">Discover more songwriters on Spotify</a>.",Written By Kalli
Hab ich dich nicht schonmal geseh'n (Boah Ey),https://open.spotify.com/track/6QkjnlPK39IFDmq49J3mIz,Es war alles am besten,https://open.spotify.com/album/3g7khKxTVVmQO0qDuJbu22,Jürgen Drews,https://open.spotify.com/artist/4rvJA6PKInIg35XkH4HESw,2024-01-29,227200,2024-01-30,"The essentials from songwriter <a href=""https://artists.spotify.com/songwriter/0TXhxoo7C4jisEGDp8fiUS"">Kalli</a>, all in one playlist. <a href=""spotify:genre:0JQ5DAqbMKFSCjnQr8QZ3O"">Discover more songwriters on Spotify</a>.",Written By Kalli
Hafen,https://open.spotify.com/track/6XDBvvsqjSjVZqckA9IbrF,Hafen,https://open.spotify.com/album/6UdA5hoe93QV5HJiz7g1Zv,Jonas Monar,https://open.spotify.com/artist/15DtxS7TcOYPplKUl5re5C,2024-12-21,176444,2024-01-30,"The essentials from songwriter <a href=""https://artists.spotify.com/songwriter/0TXhxoo7C4jisEGDp8fiUS"">Kalli</a>, all in one playlist. <a href=""spotify:genre:0JQ5DAqbMKFSCjnQr8QZ3O"">Discover more songwriters on Spotify</a>.",Written By Kalli
Happy People (feat. Daði Freyr),https://open.spotify.com/track/261qBibFuQcBus1rjsmsED,2001,https://open.spotify.com/album/6XepuRQQxX2qDlkIuIOnpn,"Tokio Hotel, Daði Freyr","https://open.spotify.com/artist/46aNfN89JrOQTCy97GoCHa, https://open.spotify.com/artist/3Hb64DQZIhDCgyHKrzBXOL",2024-01-29,180200,2024-01-30,"The essentials from songwriter <a href=""https://artists.spotify.com/songwriter/0TXhxoo7C4jisEGDp8fiUS"">Kalli</a>, all in one playlist. <a href=""spotify:genre:0JQ5DAqbMKFSCjnQr8QZ3O"">Discover more songwriters on Spotify</a>.",Written By Kalli
Heartbeat,https://open.spotify.com/track/5jUhodriWI7nb4i3kDxNBH,Heartbeat,https://open.spotify.com/album/1m9yJKRtE9s5V3Q27m8Vys,KSHMR,https://open.spotify.com/artist/2wX6xSig4Rig5kZU6ePlWe,2024-01-29,216796,2024-01-30,"The essentials from songwriter <a href=""https://artists.spotify.com/songwriter/0TXhxoo7C4jisEGDp8fiUS"">Kalli</a>, all in one playlist. <a href=""spotify:genre:0JQ5DAqbMKFSCjnQr8QZ3O"">Discover more songwriters on Spotify</a>.",Written By Kalli
Heiser vor Glück,https://open.spotify.com/track/056wYEGkzl4j4cAil0Zpdp,Überall zu Hause,https://open.spotify.com/album/5XNTweOYD2WWoT0IwVTLsn,Christina Stürmer,https://open.spotify.com/artist/5GnRHCbhnGp57tp4whNvOo,2024-01-29,214386,2024-01-30,"The essentials from songwriter <a href=""https://artists.spotify.com/songwriter/0TXhxoo7C4jisEGDp8fiUS"">Kalli</a>, all in one playlist. <a href=""spotify:genre:0JQ5DAqbMKFSCjnQr8QZ3O"">Discover more songwriters on Spotify</a>.",Written By Kalli
Held,https://open.spotify.com/track/0wQBupEHs2KRHQxs3typES,Alle guten Dinge,https://open.spotify.com/album/7bcyUmBwgTk8ztvSv5oXnK,Jonas Monar,https://open.spotify.com/artist/15DtxS7TcOYPplKUl5re5C,2024-01-29,213653,2024-01-30,"The essentials from songwriter <a href=""https://artists.spotify.com/songwriter/0TXhxoo7C4jisEGDp8fiUS"">Kalli</a>, all in one playlist. <a href=""spotify:genre:0JQ5DAqbMKFSCjnQr8QZ3O"">Discover more songwriters on Spotify</a>.",Written By Kalli
Highride,https://open.spotify.com/track/5tndemWuouLfRPAtjfOPJj,Shapeshifter,https://open.spotify.com/album/18uJ2Vxf0jUeE1ZmcaVZnT,Nicole Cross,https://open.spotify.com/artist/3YrM00mKs7wqOtBPmeSoEo,2024-01-29,179775,2024-01-30,"The essentials from songwriter <a href=""https://artists.spotify.com/songwriter/0TXhxoo7C4jisEGDp8fiUS"">Kalli</a>, all in one playlist. <a href=""spotify:genre:0JQ5DAqbMKFSCjnQr8QZ3O"">Discover more songwriters on Spotify</a>.",Written By Kalli
Himmel,https://open.spotify.com/track/12dmyWSk9T4TEBjjFTKCJH,Erde & Knochen,https://open.spotify.com/album/47tOfXJ9EW6pO26FKzFBn7,Kontra K,https://open.spotify.com/artist/4lDiJcOJ2GLCK6p9q5BgfK,2024-01-29,213338,2024-01-30,"The essentials from songwriter <a href=""https://artists.spotify.com/songwriter/0TXhxoo7C4jisEGDp8fiUS"">Kalli</a>, all in one playlist. <a href=""spotify:genre:0JQ5DAqbMKFSCjnQr8QZ3O"">Discover more songwriters on Spotify</a>.",Written By Kalli
Hunger,https://open.spotify.com/track/4SO3szcwUCQHnM5AXB6XYw,Erde & Knochen,https://open.spotify.com/album/47tOfXJ9EW6pO26FKzFBn7,Kontra K,https://open.spotify.com/artist/4lDiJcOJ2GLCK6p9q5BgfK,2024-01-29,205661,2024-01-30,"The essentials from songwriter <a href=""https://artists.spotify.com/songwriter/0TXhxoo7C4jisEGDp8fiUS"">Kalli</a>, all in one playlist. <a href=""spotify:genre:0JQ5DAqbMKFSCjnQr8QZ3O"">Discover more songwriters on Spotify</a>.",Written By Kalli
I Heart U,https://open.spotify.com/track/4EDUeuv5MEUkE9LXoIabFg,I Heart U (feat. Mimoza),https://open.spotify.com/album/0pP2TH966jSunaWJaiLQGi,Bad Paris,https://open.spotify.com/artist/2NFeNBVDb7eHaA1bgKS0Lt,2024-01-29,185068,2024-01-30,"The essentials from songwriter <a href=""https://artists.spotify.com/songwriter/0TXhxoo7C4jisEGDp8fiUS"">Kalli</a>, all in one playlist. <a href=""spotify:genre:0JQ5DAqbMKFSCjnQr8QZ3O"">Discover more songwriters on Spotify</a>.",Written By Kalli
Ich flieg zu dir,https://open.spotify.com/track/5qrwJRBdBzkLTjv9TojkO5,Es war alles am besten,https://open.spotify.com/album/3g7khKxTVVmQO0qDuJbu22,Jürgen Drews,https://open.spotify.com/artist/4rvJA6PKInIg35XkH4HESw,2024-01-29,233080,2024-01-30,"The essentials from songwriter <a href=""https://artists.spotify.com/songwriter/0TXhxoo7C4jisEGDp8fiUS"">Kalli</a>, all in one playlist. <a href=""spotify:genre:0JQ5DAqbMKFSCjnQr8QZ3O"">Discover more songwriters on Spotify</a>.",Written By Kalli
Ich hab dich,https://open.spotify.com/track/5KiY01Q3PmBg9G702FMaby,Erde & Knochen,https://open.spotify.com/album/47tOfXJ9EW6pO26FKzFBn7,Kontra K,https://open.spotify.com/artist/4lDiJcOJ2GLCK6p9q5BgfK,2024-01-29,211593,2024-01-30,"The essentials from songwriter <a href=""https://artists.spotify.com/songwriter/0TXhxoo7C4jisEGDp8fiUS"">Kalli</a>, all in one playlist. <a href=""spotify:genre:0JQ5DAqbMKFSCjnQr8QZ3O"">Discover more songwriters on Spotify</a>.",Written By Kalli
ich hasse dich,https://open.spotify.com/track/2JLZAtFOW9jTDHN1r9rlQI,ich hasse dich,https://open.spotify.com/album/76ABHtDaeYPnY1zpefPGR7,youareslowlykillingme,https://open.spotify.com/artist/1OO6NNsMdnnZqjFPKaIiZp,2024-01-29,144461,2024-01-30,"The essentials from songwriter <a href=""https://artists.spotify.com/songwriter/0TXhxoo7C4jisEGDp8fiUS"">Kalli</a>, all in one playlist. <a href=""spotify:genre:0JQ5DAqbMKFSCjnQr8QZ3O"">Discover more songwriters on Spotify</a>.",Written By Kalli
Ich liebe meine Ex noch - LUZIs Megamix,https://open.spotify.com/track/2rc5e7rZFSEJ000oVMNGVp,LUZIs Megamix,https://open.spotify.com/album/2EN8ufsACQcGR77mCdL9IZ,LUZI,https://open.spotify.com/artist/01toP8PPkzyiQdKgyXle10,2024-01-29,171345,2024-01-30,"The essentials from songwriter <a href=""https://artists.spotify.com/songwriter/0TXhxoo7C4jisEGDp8fiUS"">Kalli</a>, all in one playlist. <a href=""spotify:genre:0JQ5DAqbMKFSCjnQr8QZ3O"">Discover more songwriters on Spotify</a>.",Written By Kalli
Ich will es immer noch wissen,https://open.spotify.com/track/0nuY3YYcCBjHB0CG42Ao3J,Es war alles am besten,https://open.spotify.com/album/3g7khKxTVVmQO0qDuJbu22,Jürgen Drews,https://open.spotify.com/artist/4rvJA6PKInIg35XkH4HESw,2024-01-29,202120,2024-01-30,"The essentials from songwriter <a href=""https://artists.spotify.com/songwriter/0TXhxoo7C4jisEGDp8fiUS"">Kalli</a>, all in one playlist. <a href=""spotify:genre:0JQ5DAqbMKFSCjnQr8QZ3O"">Discover more songwriters on Spotify</a>.",Written By Kalli
Immer Juli,https://open.spotify.com/track/6cnTg5INasYZIP3yXridcS,Immer Juli,https://open.spotify.com/album/2YebsTq2mKaDhJxvGW9Son,Jonas Monar,https://open.spotify.com/artist/15DtxS7TcOYPplKUl5re5C,2024-01-29,167440,2024-01-30,"The essentials from songwriter <a href=""https://artists.spotify.com/songwriter/0TXhxoo7C4jisEGDp8fiUS"">Kalli</a>, all in one playlist. <a href=""spotify:genre:0JQ5DAqbMKFSCjnQr8QZ3O"">Discover more songwriters on Spotify</a>.",Written By Kalli
Immer wieder,https://open.spotify.com/track/7JOxQdjkLecM210GYk1dPk,Treppenhaus,https://open.spotify.com/album/1L2yFZquYx9fjAPYWGWwZQ,LEA,https://open.spotify.com/artist/5Yo5iU2nf4H41waPl4ZnS1,2024-01-29,146133,2024-01-30,"The essentials from songwriter <a href=""https://artists.spotify.com/songwriter/0TXhxoo7C4jisEGDp8fiUS"">Kalli</a>, all in one playlist. <a href=""spotify:genre:0JQ5DAqbMKFSCjnQr8QZ3O"">Discover more songwriters on Spotify</a>.",Written By Kalli
Immun,https://open.spotify.com/track/1xxFRYZ68bCQTxaJwplW17,Alle guten Dinge,https://open.spotify.com/album/7bcyUmBwgTk8ztvSv5oXnK,Jonas Monar,https://open.spotify.com/artist/15DtxS7TcOYPplKUl5re5C,2024-01-29,221680,2024-01-30,"The essentials from songwriter <a href=""https://artists.spotify.com/songwriter/0TXhxoo7C4jisEGDp8fiUS"">Kalli</a>, all in one playlist. <a href=""spotify:genre:0JQ5DAqbMKFSCjnQr8QZ3O"">Discover more songwriters on Spotify</a>.",Written By Kalli
Intro,https://open.spotify.com/track/6hldgiGWnYgDHBc1HDPJQ2,Camouflage,https://open.spotify.com/album/1vhbrbKabLC7JggnGXxM5K,Nazar,https://open.spotify.com/artist/1hMzMy5THp7jWnMRC0rU36,2024-01-29,132546,2024-01-30,"The essentials from songwriter <a href=""https://artists.spotify.com/songwriter/0TXhxoo7C4jisEGDp8fiUS"">Kalli</a>, all in one playlist. <a href=""spotify:genre:0JQ5DAqbMKFSCjnQr8QZ3O"">Discover more songwriters on Spotify</a>.",Written By Kalli
Irgendwann,https://open.spotify.com/track/3UK9tCRXD4icuyiegXTy5A,Der Sommer ist vorbei,https://open.spotify.com/album/5pKFqWVE4YFUINqUeRPypU,Juli,https://open.spotify.com/artist/7g13nmmxq4XN0hd64Jzkol,2024-01-29,191186,2024-01-30,"The essentials from songwriter <a href=""https://artists.spotify.com/songwriter/0TXhxoo7C4jisEGDp8fiUS"">Kalli</a>, all in one playlist. <a href=""spotify:genre:0JQ5DAqbMKFSCjnQr8QZ3O"">Discover more songwriters on Spotify</a>.",Written By Kalli
Jedes Mal,https://open.spotify.com/track/1RGO7qy0nZgDy5ylWfqoql,No Rich Parents,https://open.spotify.com/album/6JQc9QbzSBNGbI2jykffIx,"Loredana, Mozzik","https://open.spotify.com/artist/2Im8m4STDBosjfmb5hmP80, https://open.spotify.com/artist/1pkDzgHvVqC17qYGKfLPpb",2024-01-29,156279,2024-01-30,"The essentials from songwriter <a href=""https://artists.spotify.com/songwriter/0TXhxoo7C4jisEGDp8fiUS"">Kalli</a>, all in one playlist. <a href=""spotify:genre:0JQ5DAqbMKFSCjnQr8QZ3O"">Discover more songwriters on Spotify</a>.",Written By Kalli
Kampfgeist 4,https://open.spotify.com/track/0zMeFmqknbN5k9UKxPMfcX,Sie wollten Wasser doch kriegen Benzin,https://open.spotify.com/album/4m9FP8NlqLQfEEwtRIRP5x,Kontra K,https://open.spotify.com/artist/4lDiJcOJ2GLCK6p9q5BgfK,2024-01-29,176953,2024-01-30,"The essentials from songwriter <a href=""https://artists.spotify.com/songwriter/0TXhxoo7C4jisEGDp8fiUS"">Kalli</a>, all in one playlist. <a href=""spotify:genre:0JQ5DAqbMKFSCjnQr8QZ3O"">Discover more songwriters on Spotify</a>.",Written By Kalli
Killing Me,https://open.spotify.com/track/0KOMWYw0mEKMvSCUYXkBS7,Nico Santos,https://open.spotify.com/album/51LrCn7WwuMfGwQufI1Esl,Nico Santos,https://open.spotify.com/artist/3A9B6c1CrSPauiOblw7pWz,2024-01-29,210746,2024-01-30,"The essentials from songwriter <a href=""https://artists.spotify.com/songwriter/0TXhxoo7C4jisEGDp8fiUS"">Kalli</a>, all in one playlist. <a href=""spotify:genre:0JQ5DAqbMKFSCjnQr8QZ3O"">Discover more songwriters on Spotify</a>.",Written By Kalli
Knock,https://open.spotify.com/track/56oCkcfexBeYD4q4jEJJBV,Dye My Hair,https://open.spotify.com/album/72OGxvqzD8lVsmT0HsaEPS,ALMA,https://open.spotify.com/artist/6c0mTNAxJxlp9HpKTUZwA8,2024-01-29,200956,2024-01-30,"The essentials from songwriter <a href=""https://artists.spotify.com/songwriter/0TXhxoo7C4jisEGDp8fiUS"">Kalli</a>, all in one playlist. <a href=""spotify:genre:0JQ5DAqbMKFSCjnQr8QZ3O"">Discover more songwriters on Spotify</a>.",Written By Kalli
Kopfsache,https://open.spotify.com/track/6hvyb2fpuk8SOtIEs022wm,Kopfsache,https://open.spotify.com/album/2tkPSTwRNIA2X8FSZkCAq9,LiZZA,https://open.spotify.com/artist/7wiUyQkeFf7MvAEGpF7wzR,2024-01-29,217884,2024-01-30,"The essentials from songwriter <a href=""https://artists.spotify.com/songwriter/0TXhxoo7C4jisEGDp8fiUS"">Kalli</a>, all in one playlist. <a href=""spotify:genre:0JQ5DAqbMKFSCjnQr8QZ3O"">Discover more songwriters on Spotify</a>.",Written By Kalli
Kreis (feat. Bausa),https://open.spotify.com/track/7eQUk2rv2k38e2ATgzbCTO,Gute Nacht,https://open.spotify.com/album/6HXofmpALQ71a6Ri5WKegT,"Kontra K, Bausa","https://open.spotify.com/artist/4lDiJcOJ2GLCK6p9q5BgfK, https://open.spotify.com/artist/13bDjug9N0pyv3ZUINjkDV",2024-05-01,245013,2024-01-30,"The essentials from songwriter <a href=""https://artists.spotify.com/songwriter/0TXhxoo7C4jisEGDp8fiUS"">Kalli</a>, all in one playlist. <a href=""spotify:genre:0JQ5DAqbMKFSCjnQr8QZ3O"">Discover more songwriters on Spotify</a>.",Written By Kalli
Lass mich los,https://open.spotify.com/track/2fbIOC7TEm1tAJwMDAvFhA,Gute Nacht,https://open.spotify.com/album/6HXofmpALQ71a6Ri5WKegT,Kontra K,https://open.spotify.com/artist/4lDiJcOJ2GLCK6p9q5BgfK,2024-01-29,337182,2024-01-30,"The essentials from songwriter <a href=""https://artists.spotify.com/songwriter/0TXhxoo7C4jisEGDp8fiUS"">Kalli</a>, all in one playlist. <a href=""spotify:genre:0JQ5DAqbMKFSCjnQr8QZ3O"">Discover more songwriters on Spotify</a>.",Written By Kalli
life was a beach,https://open.spotify.com/track/6NvcOlh7gtas2XCW2KACYo,"Only Love, L (More Love Edition)",https://open.spotify.com/album/0wNhZkLrI9nBQMyT9sjiBK,Lena,https://open.spotify.com/artist/5slpk6nu2IwwKx0EHe3GcL,2024-01-29,174221,2024-01-30,"The essentials from songwriter <a href=""https://artists.spotify.com/songwriter/0TXhxoo7C4jisEGDp8fiUS"">Kalli</a>, all in one playlist. <a href=""spotify:genre:0JQ5DAqbMKFSCjnQr8QZ3O"">Discover more songwriters on Spotify</a>.",Written By Kalli
Like A Fool,https://open.spotify.com/track/0iSVVvnXgiAcdS8tZPjZeR,Like A Fool,https://open.spotify.com/album/4cIl8a2elDYzGIN8Xeje50,Joana Kesenci,https://open.spotify.com/artist/4ZaUXNaebEQrSWFq4att4m,2024-01-29,212468,2024-01-30,"The essentials from songwriter <a href=""https://artists.spotify.com/songwriter/0TXhxoo7C4jisEGDp8fiUS"">Kalli</a>, all in one playlist. <a href=""spotify:genre:0JQ5DAqbMKFSCjnQr8QZ3O"">Discover more songwriters on Spotify</a>.",Written By Kalli
Like I Love You,https://open.spotify.com/track/7hr6WRm7HUlVdkfnhSTm0G,Nico Santos,https://open.spotify.com/album/51LrCn7WwuMfGwQufI1Esl,"Nico Santos, Topic","https://open.spotify.com/artist/3A9B6c1CrSPauiOblw7pWz, https://open.spotify.com/artist/0u6GtibW46tFX7koQ6uNJZ",2024-01-29,203560,2024-01-30,"The essentials from songwriter <a href=""https://artists.spotify.com/songwriter/0TXhxoo7C4jisEGDp8fiUS"">Kalli</a>, all in one playlist. <a href=""spotify:genre:0JQ5DAqbMKFSCjnQr8QZ3O"">Discover more songwriters on Spotify</a>.",Written By Kalli
Like Loving You,https://open.spotify.com/track/61olI0SR0iDnj9zLdQJXi4,Like Loving You,https://open.spotify.com/album/6S5JGXzO1NBeoRLFRAPrW6,"Imanos, c.wong","https://open.spotify.com/artist/26fsavNxrXVdRK7wL3jZKb, https://open.spotify.com/artist/3ktcNCcaSIg4TEU9anN428",2024-01-29,181020,2024-01-30,"The essentials from songwriter <a href=""https://artists.spotify.com/songwriter/0TXhxoo7C4jisEGDp8fiUS"">Kalli</a>, all in one playlist. <a href=""spotify:genre:0JQ5DAqbMKFSCjnQr8QZ3O"">Discover more songwriters on Spotify</a>.",Written By Kalli
LiqLiq Boom,https://open.spotify.com/track/3h3h2aYoI5J64kyS45pmTl,Trümmerkönig,https://open.spotify.com/album/7g7FlU71zkw5T6MWQyh92g,Liquit Walker,https://open.spotify.com/artist/0YNzU2wAec5bWsn3eQgB7q,2025-01-09,197346,2024-01-30,"The essentials from songwriter <a href=""https://artists.spotify.com/songwriter/0TXhxoo7C4jisEGDp8fiUS"">Kalli</a>, all in one playlist. <a href=""spotify:genre:0JQ5DAqbMKFSCjnQr8QZ3O"">Discover more songwriters on Spotify</a>.",Written By Kalli
London,https://open.spotify.com/track/3aHVQC1g6ArGNy3VLL4Pz7,London,https://open.spotify.com/album/5lozvl93woBcP9P54En0YE,RANE,https://open.spotify.com/artist/4XXpC48bL6E032lJw4aSFz,2024-01-29,137102,2024-01-30,"The essentials from songwriter <a href=""https://artists.spotify.com/songwriter/0TXhxoo7C4jisEGDp8fiUS"">Kalli</a>, all in one playlist. <a href=""spotify:genre:0JQ5DAqbMKFSCjnQr8QZ3O"">Discover more songwriters on Spotify</a>.",Written By Kalli
Mal Amor,https://open.spotify.com/track/4uhmn8qVCJD4F9aEF9cYtH,Ride,https://open.spotify.com/album/7dPtQ96HtsmPSq8oWsmkJv,"Nico Santos, Alvaro Soler","https://open.spotify.com/artist/3A9B6c1CrSPauiOblw7pWz, https://open.spotify.com/artist/2urF8dgLVfDjunO0pcHUEe",2024-01-29,189600,2024-01-30,"The essentials from songwriter <a href=""https://artists.spotify.com/songwriter/0TXhxoo7C4jisEGDp8fiUS"">Kalli</a>, all in one playlist. <a href=""spotify:genre:0JQ5DAqbMKFSCjnQr8QZ3O"">Discover more songwriters on Spotify</a>.",Written By Kalli
Mallory Knox,https://open.spotify.com/track/0SLprHTJbp3i1FK0YFKsMG,Trümmerkönig,https://open.spotify.com/album/7g7FlU71zkw5T6MWQyh92g,Liquit Walker,https://open.spotify.com/artist/0YNzU2wAec5bWsn3eQgB7q,2025-01-09,203613,2024-01-30,"The essentials from songwriter <a href=""https://artists.spotify.com/songwriter/0TXhxoo7C4jisEGDp8fiUS"">Kalli</a>, all in one playlist. <a href=""spotify:genre:0JQ5DAqbMKFSCjnQr8QZ3O"">Discover more songwriters on Spotify</a>.",Written By Kalli
Mein Adidas,https://open.spotify.com/track/6Q4qwPK4yV1SDW94uxwk8S,Trümmerkönig,https://open.spotify.com/album/7g7FlU71zkw5T6MWQyh92g,Liquit Walker,https://open.spotify.com/artist/0YNzU2wAec5bWsn3eQgB7q,2025-01-09,195973,2024-01-30,"The essentials from songwriter <a href=""https://artists.spotify.com/songwriter/0TXhxoo7C4jisEGDp8fiUS"">Kalli</a>, all in one playlist. <a href=""spotify:genre:0JQ5DAqbMKFSCjnQr8QZ3O"">Discover more songwriters on Spotify</a>.",Written By Kalli
Mit Mir,https://open.spotify.com/track/62dSR3b4EppSS0DhWOLKwD,No Rich Parents,https://open.spotify.com/album/6JQc9QbzSBNGbI2jykffIx,"Loredana, Mozzik","https://open.spotify.com/artist/2Im8m4STDBosjfmb5hmP80, https://open.spotify.com/artist/1pkDzgHvVqC17qYGKfLPpb",2024-01-29,167671,2024-01-30,"The essentials from songwriter <a href=""https://artists.spotify.com/songwriter/0TXhxoo7C4jisEGDp8fiUS"">Kalli</a>, all in one playlist. <a href=""spotify:genre:0JQ5DAqbMKFSCjnQr8QZ3O"">Discover more songwriters on Spotify</a>.",Written By Kalli
Mowgli,https://open.spotify.com/track/2jvvCAGt7dxnpTHio3U5JF,Mowgli,https://open.spotify.com/album/2pJjJ9LQmHgp0F5fXG7lHu,Liquit Walker,https://open.spotify.com/artist/0YNzU2wAec5bWsn3eQgB7q,2024-01-29,186466,2024-01-30,"The essentials from songwriter <a href=""https://artists.spotify.com/songwriter/0TXhxoo7C4jisEGDp8fiUS"">Kalli</a>, all in one playlist. <a href=""spotify:genre:0JQ5DAqbMKFSCjnQr8QZ3O"">Discover more songwriters on Spotify</a>.",Written By Kalli
My Own Terms,https://open.spotify.com/track/0dzdRefABYGCjjlFzbd5IK,My Own Terms,https://open.spotify.com/album/1Dk0Iy7NjCH6aqO0zkOJz5,Ivy Quainoo,https://open.spotify.com/artist/7wUvXN7DpyN99eIzMa9pcn,2024-01-29,214620,2024-01-30,"The essentials from songwriter <a href=""https://artists.spotify.com/songwriter/0TXhxoo7C4jisEGDp8fiUS"">Kalli</a>, all in one playlist. <a href=""spotify:genre:0JQ5DAqbMKFSCjnQr8QZ3O"">Discover more songwriters on Spotify</a>.",Written By Kalli
Mädchen Mädchen (feat. Luci van Org),https://open.spotify.com/track/1yf6N9tFJ6BXZLvIXbUvw9,NACKT,https://open.spotify.com/album/2VCBmTgQym5OlZ9LxEs2AU,"YAENNIVER, Luci van Org","https://open.spotify.com/artist/62yGrNS5EcrAnBVlDtlBEw, https://open.spotify.com/artist/4MiL1KP3pARZzzmvEUSELY",2024-01-29,165993,2024-01-30,"The essentials from songwriter <a href=""https://artists.spotify.com/songwriter/0TXhxoo7C4jisEGDp8fiUS"">Kalli</a>, all in one playlist. <a href=""spotify:genre:0JQ5DAqbMKFSCjnQr8QZ3O"">Discover more songwriters on Spotify</a>.",Written By Kalli
Neu erzählen,https://open.spotify.com/track/3i3Bll98MHvH79r5SqzwbD,Neu erzählen,https://open.spotify.com/album/0hQxTlc00nOIwjL52YXnQy,Revolverheld,https://open.spotify.com/artist/5FYfIAuN8mV5KgVtugwfc0,2024-01-29,206573,2024-01-30,"The essentials from songwriter <a href=""https://artists.spotify.com/songwriter/0TXhxoo7C4jisEGDp8fiUS"">Kalli</a>, all in one playlist. <a href=""spotify:genre:0JQ5DAqbMKFSCjnQr8QZ3O"">Discover more songwriters on Spotify</a>.",Written By Kalli
Never Let You Down,https://open.spotify.com/track/3BWLsSYZKEkUSpeJq7CkhF,Ride,https://open.spotify.com/album/7dPtQ96HtsmPSq8oWsmkJv,Nico Santos,https://open.spotify.com/artist/3A9B6c1CrSPauiOblw7pWz,2024-01-29,174440,2024-01-30,"The essentials from songwriter <a href=""https://artists.spotify.com/songwriter/0TXhxoo7C4jisEGDp8fiUS"">Kalli</a>, all in one playlist. <a href=""spotify:genre:0JQ5DAqbMKFSCjnQr8QZ3O"">Discover more songwriters on Spotify</a>.",Written By Kalli
Nicht allein,https://open.spotify.com/track/0XO1nlGkET1OpGOCsw26vD,Für den Himmel durch die Hölle (Deluxe Edition),https://open.spotify.com/album/5HeOz6InVkwkXkacIGgHRa,Kontra K,https://open.spotify.com/artist/4lDiJcOJ2GLCK6p9q5BgfK,2025-01-09,167133,2024-01-30,"The essentials from songwriter <a href=""https://artists.spotify.com/songwriter/0TXhxoo7C4jisEGDp8fiUS"">Kalli</a>, all in one playlist. <a href=""spotify:genre:0JQ5DAqbMKFSCjnQr8QZ3O"">Discover more songwriters on Spotify</a>.",Written By Kalli
Nie zu Ende,https://open.spotify.com/track/4A09o8LWcPhvQoGk1dHGnJ,Alle guten Dinge,https://open.spotify.com/album/7bcyUmBwgTk8ztvSv5oXnK,Jonas Monar,https://open.spotify.com/artist/15DtxS7TcOYPplKUl5re5C,2024-01-29,183533,2024-01-30,"The essentials from songwriter <a href=""https://artists.spotify.com/songwriter/0TXhxoo7C4jisEGDp8fiUS"">Kalli</a>, all in one playlist. <a href=""spotify:genre:0JQ5DAqbMKFSCjnQr8QZ3O"">Discover more songwriters on Spotify</a>.",Written By Kalli
Not About You,https://open.spotify.com/track/2qxVLzNuYZ5krJAhUQmC1E,Stay,https://open.spotify.com/album/6hLb1BSmPR9aglZsak7vHT,Mario Novembre,https://open.spotify.com/artist/6QkidrPNY7AuI1V4xcKiqo,2024-01-29,211546,2024-01-30,"The essentials from songwriter <a href=""https://artists.spotify.com/songwriter/0TXhxoo7C4jisEGDp8fiUS"">Kalli</a>, all in one playlist. <a href=""spotify:genre:0JQ5DAqbMKFSCjnQr8QZ3O"">Discover more songwriters on Spotify</a>.",Written By Kalli
"Not Together, Together",https://open.spotify.com/track/6Yhly15am79BzKhAHSEqcI,"Not Together, Together",https://open.spotify.com/album/0o9FIqLRuDzmSeHkwr5QkN,Tomine Harket,https://open.spotify.com/artist/6064pL9Hu3Wx2bwJMeOx6o,2024-01-29,162093,2024-01-30,"The essentials from songwriter <a href=""https://artists.spotify.com/songwriter/0TXhxoo7C4jisEGDp8fiUS"">Kalli</a>, all in one playlist. <a href=""spotify:genre:0JQ5DAqbMKFSCjnQr8QZ3O"">Discover more songwriters on Spotify</a>.",Written By Kalli
Number 1,https://open.spotify.com/track/6LIIaryqrCv8eP2vQ8aQlr,Ride,https://open.spotify.com/album/7dPtQ96HtsmPSq8oWsmkJv,Nico Santos,https://open.spotify.com/artist/3A9B6c1CrSPauiOblw7pWz,2024-01-29,179493,2024-01-30,"The essentials from songwriter <a href=""https://artists.spotify.com/songwriter/0TXhxoo7C4jisEGDp8fiUS"">Kalli</a>, all in one playlist. <a href=""spotify:genre:0JQ5DAqbMKFSCjnQr8QZ3O"">Discover more songwriters on Spotify</a>.",Written By Kalli
Number 1,https://open.spotify.com/track/7M7e0bENQ0mVB3e9NmUnaq,Number 1,https://open.spotify.com/album/0wAoLenALbubIQsMsFVU8V,Nico Santos,https://open.spotify.com/artist/3A9B6c1CrSPauiOblw7pWz,2024-01-31,183930,2024-01-30,"The essentials from songwriter <a href=""https://artists.spotify.com/songwriter/0TXhxoo7C4jisEGDp8fiUS"">Kalli</a>, all in one playlist. <a href=""spotify:genre:0JQ5DAqbMKFSCjnQr8QZ3O"">Discover more songwriters on Spotify</a>.",Written By Kalli
Oder nicht,https://open.spotify.com/track/4H8pHXruPJCSLubZpYZ1fH,Erde & Knochen,https://open.spotify.com/album/47tOfXJ9EW6pO26FKzFBn7,Kontra K,https://open.spotify.com/artist/4lDiJcOJ2GLCK6p9q5BgfK,2024-01-29,211598,2024-01-30,"The essentials from songwriter <a href=""https://artists.spotify.com/songwriter/0TXhxoo7C4jisEGDp8fiUS"">Kalli</a>, all in one playlist. <a href=""spotify:genre:0JQ5DAqbMKFSCjnQr8QZ3O"">Discover more songwriters on Spotify</a>.",Written By Kalli
On My Mind,https://open.spotify.com/track/3yCcr891zvCOIlaadGZKuo,On My Mind,https://open.spotify.com/album/2YoQ5WtQ3MClSxDuLElMHw,Sonny Alven,https://open.spotify.com/artist/2zHHEU3t9cutZFyG0fHdOR,2024-01-29,170857,2024-01-30,"The essentials from songwriter <a href=""https://artists.spotify.com/songwriter/0TXhxoo7C4jisEGDp8fiUS"">Kalli</a>, all in one playlist. <a href=""spotify:genre:0JQ5DAqbMKFSCjnQr8QZ3O"">Discover more songwriters on Spotify</a>.",Written By Kalli
On My Own,https://open.spotify.com/track/78hj6ClFpaG2MuOaPCjlOo,On My Own,https://open.spotify.com/album/46VvuVv2NV5Zm8W6b5YZze,Phil Soda,https://open.spotify.com/artist/6oOURapauLCNtDmaYMv78O,2024-01-29,141411,2024-01-30,"The essentials from songwriter <a href=""https://artists.spotify.com/songwriter/0TXhxoo7C4jisEGDp8fiUS"">Kalli</a>, all in one playlist. <a href=""spotify:genre:0JQ5DAqbMKFSCjnQr8QZ3O"">Discover more songwriters on Spotify</a>.",Written By Kalli
One Day (I'm Gonna Break Your Heart),https://open.spotify.com/track/17RvMTNV8cqEhlKnr65btb,Ride,https://open.spotify.com/album/7dPtQ96HtsmPSq8oWsmkJv,Nico Santos,https://open.spotify.com/artist/3A9B6c1CrSPauiOblw7pWz,2024-01-29,148533,2024-01-30,"The essentials from songwriter <a href=""https://artists.spotify.com/songwriter/0TXhxoo7C4jisEGDp8fiUS"">Kalli</a>, all in one playlist. <a href=""spotify:genre:0JQ5DAqbMKFSCjnQr8QZ3O"">Discover more songwriters on Spotify</a>.",Written By Kalli
Our Parade,https://open.spotify.com/track/5CZjFSunID1EGKCDJkMKpj,Restless (Deluxe),https://open.spotify.com/album/1Nr0EKbE71nEAcbXN5jqi2,Elaiza,https://open.spotify.com/artist/3p45HHDBKyxCDJeOnOWuSo,2025-01-09,189346,2024-01-30,"The essentials from songwriter <a href=""https://artists.spotify.com/songwriter/0TXhxoo7C4jisEGDp8fiUS"">Kalli</a>, all in one playlist. <a href=""spotify:genre:0JQ5DAqbMKFSCjnQr8QZ3O"">Discover more songwriters on Spotify</a>.",Written By Kalli
Paper Thin,https://open.spotify.com/track/5nyF7tFUt6fKgetq8MDGia,Technicolor,https://open.spotify.com/album/0i8MMjp4O2ycsJpSLlZSTb,dePresno,https://open.spotify.com/artist/3DzvldYcKG83XYhYC0wfLn,2024-01-29,216946,2024-01-30,"The essentials from songwriter <a href=""https://artists.spotify.com/songwriter/0TXhxoo7C4jisEGDp8fiUS"">Kalli</a>, all in one playlist. <a href=""spotify:genre:0JQ5DAqbMKFSCjnQr8QZ3O"">Discover more songwriters on Spotify</a>.",Written By Kalli
PAY ME BACK!,https://open.spotify.com/track/0XO1KK7qiUGVK8t3FZdM4w,PAY ME BACK!,https://open.spotify.com/album/0FdEEw1vJvO8hCUJUoYjRd,ILIRA,https://open.spotify.com/artist/6mzs66iVW15C5iLt0JLt41,2024-01-29,188200,2024-01-30,"The essentials from songwriter <a href=""https://artists.spotify.com/songwriter/0TXhxoo7C4jisEGDp8fiUS"">Kalli</a>, all in one playlist. <a href=""spotify:genre:0JQ5DAqbMKFSCjnQr8QZ3O"">Discover more songwriters on Spotify</a>.",Written By Kalli
Pieces,https://open.spotify.com/track/03GwGxzLsZoMDPodpFGWDf,Pieces,https://open.spotify.com/album/3VWyg2FxDIhfwBgRzDxw6I,Nico Santos,https://open.spotify.com/artist/3A9B6c1CrSPauiOblw7pWz,2024-10-01,192553,2024-01-30,"The essentials from songwriter <a href=""https://artists.spotify.com/songwriter/0TXhxoo7C4jisEGDp8fiUS"">Kalli</a>, all in one playlist. <a href=""spotify:genre:0JQ5DAqbMKFSCjnQr8QZ3O"">Discover more songwriters on Spotify</a>.",Written By Kalli
Playlist,https://open.spotify.com/track/2eLkiZOJ0xevCWgAvfgJGP,Playlist,https://open.spotify.com/album/6cgZXJJFgzMwL6kiyQeVv7,"Feel Glück, Arend Peter Kraus","https://open.spotify.com/artist/3wgEyEndxjMfRILKuvqihv, https://open.spotify.com/artist/2BOd9SVFrYP7OpAQmAUf3n",2024-01-29,234375,2024-01-30,"The essentials from songwriter <a href=""https://artists.spotify.com/songwriter/0TXhxoo7C4jisEGDp8fiUS"">Kalli</a>, all in one playlist. <a href=""spotify:genre:0JQ5DAqbMKFSCjnQr8QZ3O"">Discover more songwriters on Spotify</a>.",Written By Kalli
Policia,https://open.spotify.com/track/2xlkajdBhNjU5E3eraBTtC,Rahat,https://open.spotify.com/album/3mM3HpK7WiItHlCk9uRnII,Ardian Bujupi,https://open.spotify.com/artist/0pOruKWwgyqSLZhn4Xovs9,2024-01-29,156202,2024-01-30,"The essentials from songwriter <a href=""https://artists.spotify.com/songwriter/0TXhxoo7C4jisEGDp8fiUS"">Kalli</a>, all in one playlist. <a href=""spotify:genre:0JQ5DAqbMKFSCjnQr8QZ3O"">Discover more songwriters on Spotify</a>.",Written By Kalli
Policia - Instrumental,https://open.spotify.com/track/7zKd6qkamCLT7WMsZpQklC,Rahat,https://open.spotify.com/album/3mM3HpK7WiItHlCk9uRnII,Ardian Bujupi,https://open.spotify.com/artist/0pOruKWwgyqSLZhn4Xovs9,2024-01-29,154730,2024-01-30,"The essentials from songwriter <a href=""https://artists.spotify.com/songwriter/0TXhxoo7C4jisEGDp8fiUS"">Kalli</a>, all in one playlist. <a href=""spotify:genre:0JQ5DAqbMKFSCjnQr8QZ3O"">Discover more songwriters on Spotify</a>.",Written By Kalli
Pull Me Out,https://open.spotify.com/track/7DL3XQ3XiSQJ1j34poGCsx,Nico Santos (Special Edition),https://open.spotify.com/album/62lOkmFDHhhMcaYrolIJVF,Nico Santos,https://open.spotify.com/artist/3A9B6c1CrSPauiOblw7pWz,2024-01-29,167653,2024-01-30,"The essentials from songwriter <a href=""https://artists.spotify.com/songwriter/0TXhxoo7C4jisEGDp8fiUS"">Kalli</a>, all in one playlist. <a href=""spotify:genre:0JQ5DAqbMKFSCjnQr8QZ3O"">Discover more songwriters on Spotify</a>.",Written By Kalli
Ratten,https://open.spotify.com/track/70iXOfUKkbS446lSmIojoN,Gute Nacht,https://open.spotify.com/album/6HXofmpALQ71a6Ri5WKegT,Kontra K,https://open.spotify.com/artist/4lDiJcOJ2GLCK6p9q5BgfK,2024-01-29,256060,2024-01-30,"The essentials from songwriter <a href=""https://artists.spotify.com/songwriter/0TXhxoo7C4jisEGDp8fiUS"">Kalli</a>, all in one playlist. <a href=""spotify:genre:0JQ5DAqbMKFSCjnQr8QZ3O"">Discover more songwriters on Spotify</a>.",Written By Kalli
Sag nicht sorry,https://open.spotify.com/track/5ibvn5zdOFkPvbszDbW9V1,Fluss,https://open.spotify.com/album/1F46k12341LHQGIFlMjop4,LEA,https://open.spotify.com/artist/5Yo5iU2nf4H41waPl4ZnS1,2024-01-29,146026,2024-01-30,"The essentials from songwriter <a href=""https://artists.spotify.com/songwriter/0TXhxoo7C4jisEGDp8fiUS"">Kalli</a>, all in one playlist. <a href=""spotify:genre:0JQ5DAqbMKFSCjnQr8QZ3O"">Discover more songwriters on Spotify</a>.",Written By Kalli
"Santa, If You're There",https://open.spotify.com/track/4NJ5o0tcV32BWQCoc3OpaW,Not So Silent Night,https://open.spotify.com/album/6t4rpCpCZ5oKvSUADZUGHC,Sarah Connor,https://open.spotify.com/artist/7e52Ytzjj1q71DUj2cSlch,2024-01-29,183320,2024-01-30,"The essentials from songwriter <a href=""https://artists.spotify.com/songwriter/0TXhxoo7C4jisEGDp8fiUS"">Kalli</a>, all in one playlist. <a href=""spotify:genre:0JQ5DAqbMKFSCjnQr8QZ3O"">Discover more songwriters on Spotify</a>.",Written By Kalli
scared,https://open.spotify.com/track/69pDGXAeiBbqpjD43GJko2,"Only Love, L (More Love Edition)",https://open.spotify.com/album/0wNhZkLrI9nBQMyT9sjiBK,Lena,https://open.spotify.com/artist/5slpk6nu2IwwKx0EHe3GcL,2024-01-29,195295,2024-01-30,"The essentials from songwriter <a href=""https://artists.spotify.com/songwriter/0TXhxoo7C4jisEGDp8fiUS"">Kalli</a>, all in one playlist. <a href=""spotify:genre:0JQ5DAqbMKFSCjnQr8QZ3O"">Discover more songwriters on Spotify</a>.",Written By Kalli
See You,https://open.spotify.com/track/3nmWV4qvKl7rPdX99SyQem,LNZHD,https://open.spotify.com/album/6R9ddkyO2cIN2TqZGBWcvg,Iggy,https://open.spotify.com/artist/0MDfMKBf1cV65pnQ1ZRm9O,2024-01-29,210800,2024-01-30,"The essentials from songwriter <a href=""https://artists.spotify.com/songwriter/0TXhxoo7C4jisEGDp8fiUS"">Kalli</a>, all in one playlist. <a href=""spotify:genre:0JQ5DAqbMKFSCjnQr8QZ3O"">Discover more songwriters on Spotify</a>.",Written By Kalli
Sie,https://open.spotify.com/track/4liaF9MHLmGB25THZZkkw8,Treppenhaus,https://open.spotify.com/album/1L2yFZquYx9fjAPYWGWwZQ,LEA,https://open.spotify.com/artist/5Yo5iU2nf4H41waPl4ZnS1,2024-01-29,180520,2024-01-30,"The essentials from songwriter <a href=""https://artists.spotify.com/songwriter/0TXhxoo7C4jisEGDp8fiUS"">Kalli</a>, all in one playlist. <a href=""spotify:genre:0JQ5DAqbMKFSCjnQr8QZ3O"">Discover more songwriters on Spotify</a>.",Written By Kalli
So Mean,https://open.spotify.com/track/4BiBdzJFaHY6VLIXa5CPpc,So Mean,https://open.spotify.com/album/1YeB4Y72furzzlpmxTsgFc,Iggy,https://open.spotify.com/artist/0MDfMKBf1cV65pnQ1ZRm9O,2024-01-29,162333,2024-01-30,"The essentials from songwriter <a href=""https://artists.spotify.com/songwriter/0TXhxoo7C4jisEGDp8fiUS"">Kalli</a>, all in one playlist. <a href=""spotify:genre:0JQ5DAqbMKFSCjnQr8QZ3O"">Discover more songwriters on Spotify</a>.",Written By Kalli
Social Media,https://open.spotify.com/track/1YGQxirj6NygbI33H8tAsa,Für den Himmel durch die Hölle (Deluxe Edition),https://open.spotify.com/album/5HeOz6InVkwkXkacIGgHRa,Kontra K,https://open.spotify.com/artist/4lDiJcOJ2GLCK6p9q5BgfK,2024-01-29,170760,2024-01-30,"The essentials from songwriter <a href=""https://artists.spotify.com/songwriter/0TXhxoo7C4jisEGDp8fiUS"">Kalli</a>, all in one playlist. <a href=""spotify:genre:0JQ5DAqbMKFSCjnQr8QZ3O"">Discover more songwriters on Spotify</a>.",Written By Kalli
Somebody New,https://open.spotify.com/track/1n7Gc7LbzQWDSJ7g5IoOdP,Somebody New,https://open.spotify.com/album/1Rt2VGbNDz7uUtobyHGu2k,Janieck,https://open.spotify.com/artist/1bZDq4po4dMIpN74Zendm0,2024-01-29,168000,2024-01-30,"The essentials from songwriter <a href=""https://artists.spotify.com/songwriter/0TXhxoo7C4jisEGDp8fiUS"">Kalli</a>, all in one playlist. <a href=""spotify:genre:0JQ5DAqbMKFSCjnQr8QZ3O"">Discover more songwriters on Spotify</a>.",Written By Kalli
Someone Else,https://open.spotify.com/track/6kvW6EI5UuqCmlp7L7HD9O,Someone Else,https://open.spotify.com/album/5HbBzk9KEgIAi2mWj4ubCh,ClockClock,https://open.spotify.com/artist/4NSzuIc0eGOftqr0tEOhJk,2024-01-29,173423,2024-01-30,"The essentials from songwriter <a href=""https://artists.spotify.com/songwriter/0TXhxoo7C4jisEGDp8fiUS"">Kalli</a>, all in one playlist. <a href=""spotify:genre:0JQ5DAqbMKFSCjnQr8QZ3O"">Discover more songwriters on Spotify</a>.",Written By Kalli
Someone Else,https://open.spotify.com/track/5eUhjzloIbtJFU7g9wr24m,Dreamers,https://open.spotify.com/album/2pFdkI2vVBJ5rvCq17db9e,ClockClock,https://open.spotify.com/artist/4NSzuIc0eGOftqr0tEOhJk,2024-09-29,173426,2024-01-30,"The essentials from songwriter <a href=""https://artists.spotify.com/songwriter/0TXhxoo7C4jisEGDp8fiUS"">Kalli</a>, all in one playlist. <a href=""spotify:genre:0JQ5DAqbMKFSCjnQr8QZ3O"">Discover more songwriters on Spotify</a>.",Written By Kalli
Someone Else,https://open.spotify.com/track/1JyeQZWo7nL7L6oyay2DXe,Someone Else,https://open.spotify.com/album/6a3ErDVndeddJ2kkLxvuIp,ClockClock,https://open.spotify.com/artist/4NSzuIc0eGOftqr0tEOhJk,2024-01-30,175810,2024-01-30,"The essentials from songwriter <a href=""https://artists.spotify.com/songwriter/0TXhxoo7C4jisEGDp8fiUS"">Kalli</a>, all in one playlist. <a href=""spotify:genre:0JQ5DAqbMKFSCjnQr8QZ3O"">Discover more songwriters on Spotify</a>.",Written By Kalli
sommer im regen,https://open.spotify.com/track/1b13KFdvFNKQheoHS5rGUr,25/8,https://open.spotify.com/album/3WDlcgQsuzTCLkBY7WzTLn,LUNA,https://open.spotify.com/artist/2RrkjxcwXz281MxRs8Oqp7,2024-05-26,122920,2024-01-30,"The essentials from songwriter <a href=""https://artists.spotify.com/songwriter/0TXhxoo7C4jisEGDp8fiUS"">Kalli</a>, all in one playlist. <a href=""spotify:genre:0JQ5DAqbMKFSCjnQr8QZ3O"">Discover more songwriters on Spotify</a>.",Written By Kalli
Stay High,https://open.spotify.com/track/3IOxs33hfLDYe78bKFgD54,Stay High,https://open.spotify.com/album/31atNeRS21BO9HTkuXv7x3,"Jumpa, Bad Paris, ILIRA","https://open.spotify.com/artist/4Xz5sxFWivrXWQlDlO25is, https://open.spotify.com/artist/2NFeNBVDb7eHaA1bgKS0Lt, https://open.spotify.com/artist/6mzs66iVW15C5iLt0JLt41",2024-01-29,217004,2024-01-30,"The essentials from songwriter <a href=""https://artists.spotify.com/songwriter/0TXhxoo7C4jisEGDp8fiUS"">Kalli</a>, all in one playlist. <a href=""spotify:genre:0JQ5DAqbMKFSCjnQr8QZ3O"">Discover more songwriters on Spotify</a>.",Written By Kalli
Stop Talkin (feat. ALMA),https://open.spotify.com/track/05r0Rw0wlUSC6Az3fssRlj,Stop Talkin (feat. ALMA),https://open.spotify.com/album/55iVqhNXuBbgvx21VTDgdW,"Valentino Khan, ALMA","https://open.spotify.com/artist/0deIjoDjl9g9Zpw0sCIOHh, https://open.spotify.com/artist/6c0mTNAxJxlp9HpKTUZwA8",2024-01-29,177024,2024-01-30,"The essentials from songwriter <a href=""https://artists.spotify.com/songwriter/0TXhxoo7C4jisEGDp8fiUS"">Kalli</a>, all in one playlist. <a href=""spotify:genre:0JQ5DAqbMKFSCjnQr8QZ3O"">Discover more songwriters on Spotify</a>.",Written By Kalli
Stronger,https://open.spotify.com/track/6SEewo2CNMGzl2BoD19RA6,Nico Santos (Special Edition),https://open.spotify.com/album/62lOkmFDHhhMcaYrolIJVF,Nico Santos,https://open.spotify.com/artist/3A9B6c1CrSPauiOblw7pWz,2024-01-29,189253,2024-01-30,"The essentials from songwriter <a href=""https://artists.spotify.com/songwriter/0TXhxoo7C4jisEGDp8fiUS"">Kalli</a>, all in one playlist. <a href=""spotify:genre:0JQ5DAqbMKFSCjnQr8QZ3O"">Discover more songwriters on Spotify</a>.",Written By Kalli
Sturm,https://open.spotify.com/track/6GLd9U2cXZetuQDhtYfdJU,Alle guten Dinge,https://open.spotify.com/album/7bcyUmBwgTk8ztvSv5oXnK,Jonas Monar,https://open.spotify.com/artist/15DtxS7TcOYPplKUl5re5C,2024-01-29,235160,2024-01-30,"The essentials from songwriter <a href=""https://artists.spotify.com/songwriter/0TXhxoo7C4jisEGDp8fiUS"">Kalli</a>, all in one playlist. <a href=""spotify:genre:0JQ5DAqbMKFSCjnQr8QZ3O"">Discover more songwriters on Spotify</a>.",Written By Kalli
Tam Alman,https://open.spotify.com/track/1qUQYitRlFzb3Xso5z7RP4,Trümmerkönig,https://open.spotify.com/album/7g7FlU71zkw5T6MWQyh92g,Liquit Walker,https://open.spotify.com/artist/0YNzU2wAec5bWsn3eQgB7q,2025-01-09,169800,2024-01-30,"The essentials from songwriter <a href=""https://artists.spotify.com/songwriter/0TXhxoo7C4jisEGDp8fiUS"">Kalli</a>, all in one playlist. <a href=""spotify:genre:0JQ5DAqbMKFSCjnQr8QZ3O"">Discover more songwriters on Spotify</a>.",Written By Kalli
Te Busqué,https://open.spotify.com/track/4FjcWibm9zWjA48jB5YpIw,Magia,https://open.spotify.com/album/01mv5qdkrK2Fndwr9pd6eH,Alvaro Soler,https://open.spotify.com/artist/2urF8dgLVfDjunO0pcHUEe,2024-01-29,165191,2024-01-30,"The essentials from songwriter <a href=""https://artists.spotify.com/songwriter/0TXhxoo7C4jisEGDp8fiUS"">Kalli</a>, all in one playlist. <a href=""spotify:genre:0JQ5DAqbMKFSCjnQr8QZ3O"">Discover more songwriters on Spotify</a>.",Written By Kalli
Timeline (feat. vito),https://open.spotify.com/track/4ZPNM1GpxgRN5aDJCbvYaj,Moai,https://open.spotify.com/album/7yb5k9jqAjeXjT2q0ShQey,"Kool Savas, Takt32, vito","https://open.spotify.com/artist/1SUu1Bi7ev9HbOzyVC77qD, https://open.spotify.com/artist/1G7TGDJ01So6i6XNirnVS7, https://open.spotify.com/artist/6ZhCnvNfvewkfx9ERyhelw",2024-01-29,163057,2024-01-30,"The essentials from songwriter <a href=""https://artists.spotify.com/songwriter/0TXhxoo7C4jisEGDp8fiUS"">Kalli</a>, all in one playlist. <a href=""spotify:genre:0JQ5DAqbMKFSCjnQr8QZ3O"">Discover more songwriters on Spotify</a>.",Written By Kalli
Too Late To Love,https://open.spotify.com/track/7Cd8vj4os8g7d1jgymry0R,Would I Lie To You,https://open.spotify.com/album/0P6xcRS8cRFlUDcXtt75Yi,Nico Santos,https://open.spotify.com/artist/3A9B6c1CrSPauiOblw7pWz,2024-01-29,184145,2024-01-30,"The essentials from songwriter <a href=""https://artists.spotify.com/songwriter/0TXhxoo7C4jisEGDp8fiUS"">Kalli</a>, all in one playlist. <a href=""spotify:genre:0JQ5DAqbMKFSCjnQr8QZ3O"">Discover more songwriters on Spotify</a>.",Written By Kalli
Trendresistent,https://open.spotify.com/track/4hQL9g3KBtzunqYtexQbOg,Trümmerkönig,https://open.spotify.com/album/7g7FlU71zkw5T6MWQyh92g,Liquit Walker,https://open.spotify.com/artist/0YNzU2wAec5bWsn3eQgB7q,2025-01-09,211533,2024-01-30,"The essentials from songwriter <a href=""https://artists.spotify.com/songwriter/0TXhxoo7C4jisEGDp8fiUS"">Kalli</a>, all in one playlist. <a href=""spotify:genre:0JQ5DAqbMKFSCjnQr8QZ3O"">Discover more songwriters on Spotify</a>.",Written By Kalli
Venus & Mars,https://open.spotify.com/track/4AOFs0CEAYUK4FbGAxVwic,Hallo Monaco,https://open.spotify.com/album/3SVxcnywXfBRGwt1uyWrcu,"CAPO, Rola","https://open.spotify.com/artist/5y9wg9qkGBl0n9v9RzaPKu, https://open.spotify.com/artist/6htMzIeVHLO2pKFENGWq5p",2024-01-29,227991,2024-01-30,"The essentials from songwriter <a href=""https://artists.spotify.com/songwriter/0TXhxoo7C4jisEGDp8fiUS"">Kalli</a>, all in one playlist. <a href=""spotify:genre:0JQ5DAqbMKFSCjnQr8QZ3O"">Discover more songwriters on Spotify</a>.",Written By Kalli
VIELLEICHT - Intro,https://open.spotify.com/track/1AsxPpTZji5ID11pwrmZ3t,I SEE YOU WHEN I SEE YOU,https://open.spotify.com/album/6opoFip0TslsRO61u8baue,badchieff,https://open.spotify.com/artist/6GoNVmYCl0yUm4pEp80vn6,2024-01-29,98934,2024-01-30,"The essentials from songwriter <a href=""https://artists.spotify.com/songwriter/0TXhxoo7C4jisEGDp8fiUS"">Kalli</a>, all in one playlist. <a href=""spotify:genre:0JQ5DAqbMKFSCjnQr8QZ3O"">Discover more songwriters on Spotify</a>.",Written By Kalli
Vier Wände,https://open.spotify.com/track/5gnmtbDKumfyngIX4CUflw,Der Sommer ist vorbei,https://open.spotify.com/album/5pKFqWVE4YFUINqUeRPypU,Juli,https://open.spotify.com/artist/7g13nmmxq4XN0hd64Jzkol,2024-01-29,191013,2024-01-30,"The essentials from songwriter <a href=""https://artists.spotify.com/songwriter/0TXhxoo7C4jisEGDp8fiUS"">Kalli</a>, all in one playlist. <a href=""spotify:genre:0JQ5DAqbMKFSCjnQr8QZ3O"">Discover more songwriters on Spotify</a>.",Written By Kalli
Want You Back,https://open.spotify.com/track/0BWx2N8CosqHVKkofenY3R,Want You Back,https://open.spotify.com/album/1qm3ugYyGh7uAAKiI9WzlY,"Grey, LÉON","https://open.spotify.com/artist/4lDBihdpMlOalxy1jkUbPl, https://open.spotify.com/artist/4SqTiwOEdYrNayaGMkc7ia",2024-01-29,176826,2024-01-30,"The essentials from songwriter <a href=""https://artists.spotify.com/songwriter/0TXhxoo7C4jisEGDp8fiUS"">Kalli</a>, all in one playlist. <a href=""spotify:genre:0JQ5DAqbMKFSCjnQr8QZ3O"">Discover more songwriters on Spotify</a>.",Written By Kalli
Was Echtes,https://open.spotify.com/track/2PJT06LVjK8vRnEtXgFAmP,Die Hoffnung klaut mir Niemand,https://open.spotify.com/album/1VLKFGaQoKLvxzIWQxLKZI,Kontra K,https://open.spotify.com/artist/4lDiJcOJ2GLCK6p9q5BgfK,2025-01-09,163680,2024-01-30,"The essentials from songwriter <a href=""https://artists.spotify.com/songwriter/0TXhxoo7C4jisEGDp8fiUS"">Kalli</a>, all in one playlist. <a href=""spotify:genre:0JQ5DAqbMKFSCjnQr8QZ3O"">Discover more songwriters on Spotify</a>.",Written By Kalli
Waterfall,https://open.spotify.com/track/5PzUONSwD68RiyBA66A6DO,Waterfall,https://open.spotify.com/album/792AHXj1f2KFoeflbyfMoG,"Michael Schulte, R3HAB","https://open.spotify.com/artist/21aa4pj9BvbFB2iT8kRpnq, https://open.spotify.com/artist/6cEuCEZu7PAE9ZSzLLc2oQ",2024-01-29,138080,2024-01-30,"The essentials from songwriter <a href=""https://artists.spotify.com/songwriter/0TXhxoo7C4jisEGDp8fiUS"">Kalli</a>, all in one playlist. <a href=""spotify:genre:0JQ5DAqbMKFSCjnQr8QZ3O"">Discover more songwriters on Spotify</a>.",Written By Kalli
Waterfall,https://open.spotify.com/track/09EhgVA4blwhSic4hF2TFZ,Remember Me,https://open.spotify.com/album/2VYn7cSOxVkl8MwEJr7UCF,"Michael Schulte, R3HAB","https://open.spotify.com/artist/21aa4pj9BvbFB2iT8kRpnq, https://open.spotify.com/artist/6cEuCEZu7PAE9ZSzLLc2oQ",2024-01-30,139826,2024-01-30,"The essentials from songwriter <a href=""https://artists.spotify.com/songwriter/0TXhxoo7C4jisEGDp8fiUS"">Kalli</a>, all in one playlist. <a href=""spotify:genre:0JQ5DAqbMKFSCjnQr8QZ3O"">Discover more songwriters on Spotify</a>.",Written By Kalli
"Weit, weit weg",https://open.spotify.com/track/5vu4A3HVrkf6kJr0Ik5JSt,Nordlicht,https://open.spotify.com/album/7mHYHavA9Jjop81UQ0iZAz,Versengold,https://open.spotify.com/artist/4tGxWZaAkt50t9VZxSxOGZ,2024-01-29,213373,2024-01-30,"The essentials from songwriter <a href=""https://artists.spotify.com/songwriter/0TXhxoo7C4jisEGDp8fiUS"">Kalli</a>, all in one playlist. <a href=""spotify:genre:0JQ5DAqbMKFSCjnQr8QZ3O"">Discover more songwriters on Spotify</a>.",Written By Kalli
WENN ICH DU WÄRE,https://open.spotify.com/track/2SGyGwqpuMqEbMv5kr79hW,GOOD DAYS & GOODBYES,https://open.spotify.com/album/6YKjcFLdoU8iFfUoZS4qYN,KAYEF,https://open.spotify.com/artist/4hXT6A14n901v8DU5Of337,2024-01-29,151706,2024-01-30,"The essentials from songwriter <a href=""https://artists.spotify.com/songwriter/0TXhxoo7C4jisEGDp8fiUS"">Kalli</a>, all in one playlist. <a href=""spotify:genre:0JQ5DAqbMKFSCjnQr8QZ3O"">Discover more songwriters on Spotify</a>.",Written By Kalli
What I Want,https://open.spotify.com/track/3vXjK5wWAK9sbKsl9OkbuH,What I Want,https://open.spotify.com/album/6vDRxpxvwxb2HHFsc1TM36,Lena,https://open.spotify.com/artist/5slpk6nu2IwwKx0EHe3GcL,2024-01-31,170146,2024-01-30,"The essentials from songwriter <a href=""https://artists.spotify.com/songwriter/0TXhxoo7C4jisEGDp8fiUS"">Kalli</a>, all in one playlist. <a href=""spotify:genre:0JQ5DAqbMKFSCjnQr8QZ3O"">Discover more songwriters on Spotify</a>.",Written By Kalli
What I Want,https://open.spotify.com/track/4wkJyqVVMqbqukgBbnrxOJ,What I Want,https://open.spotify.com/album/5EleSz4c26Lq9NneJABLgn,Lena,https://open.spotify.com/artist/5slpk6nu2IwwKx0EHe3GcL,2024-01-29,174930,2024-01-30,"The essentials from songwriter <a href=""https://artists.spotify.com/songwriter/0TXhxoo7C4jisEGDp8fiUS"">Kalli</a>, all in one playlist. <a href=""spotify:genre:0JQ5DAqbMKFSCjnQr8QZ3O"">Discover more songwriters on Spotify</a>.",Written By Kalli
What I Want - Bonus Track,https://open.spotify.com/track/0qOVnMM479jDcUYZMIX9xm,Loyal to myself,https://open.spotify.com/album/3rH9pkjNKjQvW72bo4xWUm,Lena,https://open.spotify.com/artist/5slpk6nu2IwwKx0EHe3GcL,2024-06-02,170253,2024-01-30,"The essentials from songwriter <a href=""https://artists.spotify.com/songwriter/0TXhxoo7C4jisEGDp8fiUS"">Kalli</a>, all in one playlist. <a href=""spotify:genre:0JQ5DAqbMKFSCjnQr8QZ3O"">Discover more songwriters on Spotify</a>.",Written By Kalli
Where You Are,https://open.spotify.com/track/4XFJmvM7x2Wkz6kXJr5LmO,Where You Are,https://open.spotify.com/album/25Bk5lhRcppzuyAqaqXuws,"Nico Santos, FAST BOY","https://open.spotify.com/artist/3A9B6c1CrSPauiOblw7pWz, https://open.spotify.com/artist/56Qz2XwGj7FxnNKrfkWjnb",2024-01-29,148885,2024-01-30,"The essentials from songwriter <a href=""https://artists.spotify.com/songwriter/0TXhxoo7C4jisEGDp8fiUS"">Kalli</a>, all in one playlist. <a href=""spotify:genre:0JQ5DAqbMKFSCjnQr8QZ3O"">Discover more songwriters on Spotify</a>.",Written By Kalli
Wie du,https://open.spotify.com/track/4bkpxaHmnLp96IjthFx6Eq,Gute Nacht,https://open.spotify.com/album/6HXofmpALQ71a6Ri5WKegT,Kontra K,https://open.spotify.com/artist/4lDiJcOJ2GLCK6p9q5BgfK,2024-05-01,248949,2024-01-30,"The essentials from songwriter <a href=""https://artists.spotify.com/songwriter/0TXhxoo7C4jisEGDp8fiUS"">Kalli</a>, all in one playlist. <a href=""spotify:genre:0JQ5DAqbMKFSCjnQr8QZ3O"">Discover more songwriters on Spotify</a>.",Written By Kalli
Wieder 2015,https://open.spotify.com/track/2nrjPUW9lqxEcCr2YKz9AY,Für den Himmel durch die Hölle (Deluxe Edition),https://open.spotify.com/album/5HeOz6InVkwkXkacIGgHRa,Kontra K,https://open.spotify.com/artist/4lDiJcOJ2GLCK6p9q5BgfK,2024-01-29,185386,2024-01-30,"The essentials from songwriter <a href=""https://artists.spotify.com/songwriter/0TXhxoo7C4jisEGDp8fiUS"">Kalli</a>, all in one playlist. <a href=""spotify:genre:0JQ5DAqbMKFSCjnQr8QZ3O"">Discover more songwriters on Spotify</a>.",Written By Kalli
Wiedersehen,https://open.spotify.com/track/5k7tMgpIMQxhao6NA5ZbLG,Von Herzen,https://open.spotify.com/album/6uSbJQBdGJrN4hhup5kdeC,DJ Ötzi,https://open.spotify.com/artist/0DR4z5jMA1eqx0CmHBUpkr,2024-01-29,203133,2024-01-30,"The essentials from songwriter <a href=""https://artists.spotify.com/songwriter/0TXhxoo7C4jisEGDp8fiUS"">Kalli</a>, all in one playlist. <a href=""spotify:genre:0JQ5DAqbMKFSCjnQr8QZ3O"">Discover more songwriters on Spotify</a>.",Written By Kalli
Would I Lie To You,https://open.spotify.com/track/11tOKHaQx8Lg1Ou4AcNoOa,Ride,https://open.spotify.com/album/7dPtQ96HtsmPSq8oWsmkJv,Nico Santos,https://open.spotify.com/artist/3A9B6c1CrSPauiOblw7pWz,2024-01-29,204066,2024-01-30,"The essentials from songwriter <a href=""https://artists.spotify.com/songwriter/0TXhxoo7C4jisEGDp8fiUS"">Kalli</a>, all in one playlist. <a href=""spotify:genre:0JQ5DAqbMKFSCjnQr8QZ3O"">Discover more songwriters on Spotify</a>.",Written By Kalli
Zombie,https://open.spotify.com/track/6ffRWu6TXzTXKOXTER6g9y,Trümmerkönig,https://open.spotify.com/album/7g7FlU71zkw5T6MWQyh92g,Liquit Walker,https://open.spotify.com/artist/0YNzU2wAec5bWsn3eQgB7q,2025-01-09,172493,2024-01-30,"The essentials from songwriter <a href=""https://artists.spotify.com/songwriter/0TXhxoo7C4jisEGDp8fiUS"">Kalli</a>, all in one playlist. <a href=""spotify:genre:0JQ5DAqbMKFSCjnQr8QZ3O"">Discover more songwriters on Spotify</a>.",Written By Kalli
